index	label	text
0	0	ACFKFLGECGAVPFPGTNADCTSCCVGNFGSAVCAGRVEVEGGVKHCHCYGTS
1	0	ACFTFLGECGPEPFTGSNADCLACCVALYKSPPVCAGRVEGVPAHCHCYKS
2	0	ADDRCERMCQRYHDRREKKQCMKGCRYG
3	0	ADPTFGFTPLGLSEKANLQIMKAYD
4	0	AEEMGKGEVTISLRCKTKTECLKNIACEACVDCRCDKGICKCHGFTAETNNPTV
5	0	AETTKFSYDHCFHLCVEGEYGSRECFVDCTQKGFWHGVCANKTTAKDPIHCCCYN
6	0	AFGCPFDQGTCHSHCRSIRRRGRRCASFAKRTCTCYQK
7	0	AFVLDADNLIPKKITFGEGSQYGYVKVEGDALSDTLEKIDYETKLVSAPSSSTIIKTTSKYHTKGDVEIKEEHVKAGKEKAAHLFKLIEGYLKDHPSEYN
8	0	AGETHTVMINHAGRGAPKLVVGGKKLS
9	0	AIGFDGLNDPDIVAR
10	0	AIPCGQVNSALASCVSYAKGSGASPPGACCSGVRRLAGLARSTADKQAACRCIKSAAGGLNPGKAASIPSKCGVSIPYSISASVDCSKIH
11	0	AKKWFW
12	0	AKRHHGLNCAKFH
13	0	AKRHHGYHRKFH
14	0	AKRHHGYKR
15	0	AKRHHGYKRK
16	0	AKRHHGYKRKFHAKRHHGYKRKFH
17	0	AKRHHKYHRKFH
18	0	AKRLLGYKRKFL
19	0	AKRYYGYKRKFY
20	0	ALGVPLKRK
21	0	ALLHHGYKRKFH
22	0	ALQGAKERAHQQ
23	0	ALSFLFLFLFVAQEIVVTEANTCEHLADTYRGVCFTDASCDDHCKNKAHLISGTCHNFKC
24	0	ALYNSEDLYEETSDSDD
25	0	ANFEIVNNCPYTVWAAASPGGGRRLDRGQT
26	0	ANKRCHLNQMFTGKCGNDGNKACLGDFKNKRFRYDLCQCTDATQISPSLPPQRVCNCSRPC
27	0	AQKCGEQGRGAKCPNCLCCGRYGFCGSTPDYCGVGCQSQCRGCR
28	0	AQQHHGYKQQFH
29	0	ARCENFADSYRQPPISSSQT
30	0	ARIQESTNDILKPITCNTNADCAKFCKGPIHNCVYHTCQCVPGNPHCC
31	0	ATFTIRNNCPYTIWAAAVPGGGRRLNSGGTWTINVAPGTA
32	0	ATITFTNKCTRTVWPGG
33	0	ATKVKAKQRGKEKVSSGRPGQHN
34	0	AVSCGDVTSSIAPCLSYVMGRESSPSSSCCSGVRTLNGKASSSADRRTACSCLKNMASSFRNLNMGNAASIPSKCGVSVAFPISTSVDCSKIN
35	0	CCNKGKNKGSH
36	0	CIANRNGCQPDGSQGNCCSGYCHKEPGWVAGYCR
37	0	CIKNGNGCQPDGSQGNCCSRYCHKEPGWVAGYCR
38	0	CIKNGNGCQPNGSQGNCCSGCHKQPGWVAGYCRRK
39	0	CIKNGNGCQPNGSQGNCCSGYCHKQPGWVAGYCRRK
40	0	CKYKAQ
41	0	CKYKAR
42	0	CKYKWR
43	0	CKYLLKWR
44	0	CKYLLRWR
45	0	CKYRWR
46	0	CMSTRGDQARKICE
47	0	CPAIQRCCQQLRNIQPPCRCCQ
48	0	DAEDLARYYSALRHYINLITRQRY
49	0	DAIWNLLRQAQEKFGKDKSPK
50	0	DASCLTTKECVVRCSDEDAQCIHGECHCPHLKVDIEPTKAIRCKTDLDCPDPHQCPKYDYYACLNNGECTCISV
51	0	DCKHPVGPYTDSCFTDCVSGKYGYNYESAFCSRDETGTCKICCCELINE
52	0	DEGKRCHTTIDKGNFCDLVDCRLSCFSGYNGVGKCFDDPKVPGRSNCGCLYNC
53	0	DERCTIIIHPGSPCDPSDCVQYCYAEYNGVGKCIASKPGRSANCMCTYNC
54	0	DGIWKLLSKAQEKFGKNKSR
55	0	DGKEDLIWKLLSKAQEKFGKNKSR
56	0	DHHDGHLGGHQTGHQGGQQGGHLGGQQGGHLGGHQGGQPGGHLGGHQGGIGGTGGQQHGQHGPGTGAGHQGGYKTHGH
57	0	DICQTDRDCVEIGIPRCKRTGKMPICYNGYCCCICSAKRLPASTTRKPPSPSTSKLV
58	0	DKLIGSCVWGAVNYTRNCNAECKRRGYKGGHCGSFANVNCWCET
59	0	DKLIGSCVWGAVNYTSNCNAECKRRGYKGGHCGSFANVNCWCER
60	0	DKLIGSCVWGAVNYTSNCNAECKRRGYKGGHCGSFANVNCWCET
61	0	DKLIGSCVWGAVNYTSNCNAECKRRGYKGGHCGSFANVNCWCQT
62	0	DKLIGSCVWGAVNYTSNCNAECKRRGYKGGHCGSFLNINCWCET
63	0	DKLIGSCVWGAVNYTSNCNAECKRRGYKGGHCGSFLNVNCWCET
64	0	DKLIGSCVWGAVNYTSNCRAECKRRGYKGGHCGSFANVNCWCET
65	0	DKLIGSCVWGAVNYTSNCRAECKRRGYKGGHCGSFLNVNCWCET
66	0	DKLIGSCVWGAVNYTSRCNAECKRRGYKGGHCGSFANVNCWCET
67	0	DKLIGSCVWLAVNYTSNCNAECKRRGYKGGHCGSFANVNCWCET
68	0	DKRCSIIIDLSPCYPIECRLSCITERNGDGECVVSKVGSTPNCLCTYDC
69	0	DLIGKLLSKAQEKFGKNKSR
70	0	DLIWGLLSKAQEKFGKNKSR
71	0	DLIWKLLSAAQEKFGKNKSR
72	0	DLIWKLLSGAQEKFGKNKSR
73	0	DLIWKLLSKAQEAFGKNKSR
74	0	DLIWKLLSKAQEGFGKNKSR
75	0	DLIWKLLSKAQEKFGANKSR
76	0	DLIWKLLSKAQEKFGGNKSR
77	0	DLIWKLLSKAQEKFGK
78	0	DLIWKLLSKAQEKFGKNGSR
79	0	DLIWKLLSKAQGKFGKNKSR
80	0	DPAEDLARYYSALRHYINLITRQRY
81	0	DQTDKYCTIIIDPRTPCDLVDCRLSCYTGYNGVGKCIASKASRTPNCVCTYNC
82	0	DRCSQQCQHHRDPDRKQQCMRECRRH
83	0	DSHAKRHHGYKIKFHEKHHSLRGY
84	0	DSHAKRHHGYKIKFHENHHSHRGY
85	0	DSHAKRHHGYKR
86	0	DSHAKRHHGYKRKF
87	0	DSHEERRQGRHGHHEYGRKFHEKH
88	0	DSHEKRHHGYKRKFHEKHHSHRGY
89	0	DSHEKRHHGYRRKFHEKHHSHREFPFYGDYGSNYLYDN
90	0	DTCHEYLYPEKCENNQCNSECATKFKEVGVFGFCVPPRSEPTEQFCICSYNC
91	0	DTLIGSCVWGATNYTSDCNAECKRRGYKGGHCGSFLNVNCWCEE
92	0	DVLASSDIYICVTVIETTKNDVCSTPCTIRYGTFECFHDCILEHYRDGNCINGRCCCK
93	0	DVLVSSVIETSKNDVCFIPCTRRYGDWECYDDCLGKNFNDGGCVDGRCCCKK
94	0	DYKFHVCDPSFDEKDCDFECKEFGHPGGYCRPDRVQPRIRMCYCTDR
95	0	EAAGERRQWCPSKQQVFRGSCSDDGGQKCLNDLLWTWNPSVRLSPIYCDCTPKRHNKRLCDCPSMICL
96	0	EAEKCFKWQRNMRKVRGPPVSCIKR
97	0	EALYNSEDLYEETSDSDD
98	0	EAPAEDLARYYSALRHYINLITRQRY
99	0	EATKCFEWQRKMRKVRGPPVSCIKR
100	0	EATKCFQWQREMRKKRGPPVSCIKR
101	0	EDRSKLIPIGPCSKIANCNQTCIESQFLGGKCIKWYPDSIKETCACLVKPSITHV
102	0	EESRMNINAERRPWCPSKIQMFDTNCEVDGAKQCLDLLISTWDPSVRLTRVSCICSDFPYRNMMCSCPNMICP
103	0	EGRERDHELRHRRHHHQSPK
104	0	EGRERDHELRHRRHHHQSPKSHFELPHYPGLLAHQKPFIRKSYKCLHKRCR
105	0	EKLCERPSGTWSGVCGNNNACKNQCINLEKARHGSCNYVFPAHKCICYFPC
106	0	EKLCTTIGDLDGKCSQDGEKLCMRYMTDQSKKKFLSCTCNNVVMLHKYKHYCECQSHCTPKQT
107	0	EKLSMDPTRRPWCPSKKQMFGGNCGNDGDSLCLMLLAASWDESLRHSSISCNCTTYPNYKILCSCPNMICP
108	0	EKLTTCSRFLSQKSGKCVKEDCDRMCKQKWPGKYTVGHCYGQFKDAKRCLCSVCGPDRQPP
109	0	EKRPWCPTRKQIFDGSCNRTDYTQCFNDLRNTWDDIGDLCPTDCTCTPQPQNKRLCYCRYLPCPST
110	0	ELVLPCKTTYDCVNLPCLGRPPLCINGQCKCTTTLTHQAKLDNLRTMNDAKTCKYTSDCDPRMRYSCVSGSYICLNGFCTCT
111	0	ENCGRQAG
112	0	ENGIMIGEAKKCSNSWICEGDEKCKEKCMADYKGNGTCYYPSPPSKQHPEFFYPTCWCGFDC
113	0	ENQKMVGEAKQCKTGWACFGEDACKEKCMAKYKGVGTVTYFPFPPETIIIYCECLYDC
114	0	EPAEDLARYYSALRHYINLITRQRY
115	0	EPQCIGSCEMLADCNTACIRMGYLFGQCVGWKTPDMCCCNH
116	0	EQCGRQAGGATCPNNLCCSQYGY
117	0	EQCGRQAGGKLCPNNLCCSQWGWCGSTDEYCSPDHNCQSNCKD
118	0	EQCGRQAGGKLCPNNLCCSQYGWCGSSDDYCSPSKNCQSNCKGGG
119	0	EQPGGDKVNLGYFTN
120	0	ERIDICFIPCTRRYGDYECWFDCTYNRYKEGGCVEDVVVKHNRNRPTFRAVELCFFSIKFMYDFSMK
121	0	ERILSILRHQNLLKE
122	0	ESVIEPAKYGACLFLCDARRDDHACFYDCTNVAIYRTGHCVGNPPRCCCIRG
123	0	EVCEKASKTWSGNCGNTGHC
124	0	EVLVAPVIETAQNDVCFVPCTSRYGHYECAFDCMHKRYKDGGCVHGRCCCKT
125	0	EWEPVQNGGSSYYMVPRIWA
126	0	FFKKLFLRASNIMIKSISEGKSQFSGPALSPNIDPADEHIGHSPEDMKIIFCQQCAFHCIEKKKNIAHCENSICRCTLEDIL
127	0	FIGMIPGLIGGLISAFK
128	0	FKCKKVVISLRRY
129	0	FKIHEVPEPTGKWCGYSVPMKPCINDDRVKRCIAENTHGWLMATGMCTSIPSLKDCYCMHQCP
130	0	FKLFKKILKVL
131	0	FLPIIASLLGKLL
132	0	FLPIIASLLSKLL
133	0	FRLHF
134	0	FRLKFH
135	0	FSPEDCLDDVGWILICTKPTCKFSCWTSRSVNKGRKMQDYWCSDSNTCHCVFCTGD
136	0	FSVQIGISVQAAPPTCGRDCTEKFLTQDCDKYCVGLSYKKGVCILSEGLPPKTSTYRCCCS
137	0	FTIAEPYIHPCMKGFCSFKSECANKCIFMGHHKGGDCIGGLDGIYCCCLA
138	0	FWSFLVKAASKILPSLIGGGDDNKSSS
139	0	GAKERAHQ
140	0	GAPPQDCWNLVTFPAKCGIHGKKKCFKEMESKYQQRFLQCTCKNLKPEPKSPKDEHDCTCQRANPYECNS
141	0	GAPSITCVRRAF
142	0	GATIKKCVVDVKLSKPCTFQECQPLCLQKYNGNGLCPGDDNNICACVYNC
143	0	GDGTGPGPGP
144	0	GGVWNLNVNPGTTGARVWARTK
145	0	GILDSFKDVAKGVATHLLNMAKCKMTGC
146	0	GILGKIWEGVKSLI
147	0	GIVEQCCASVCSLYQLENYCN
148	0	GKCEWQGGQLNCIAT
149	0	GLDPMAANLRVRKDIFIGGCGRDGNKTCMKDFVKKGGVMNKPISCECDNLGYEHLCRCNFS
150	0	GLIWKLLSKAQEKFGKNKSR
151	0	GLVRICNHRIEGYGTCGPNGRKICLDAFWKNQPSPGLSKNLEGCQCEDRRKRPQFKGLSHSCSCCWSYQGNSDE
152	0	GNEGGGHGGHGGYGGYHHHGGGGGGYGGYHGGGGS
153	0	GPCASDHNC
154	0	GPCFSGC
155	0	GPLQLSWNYNYGAAGK
156	0	GRCRDDFRC
157	0	GRCRDDFRCWCTKRC
158	0	GRCRGFRRRC
159	0	GRCRGFRRRCFCTTHC
160	0	GSCGAPISKYDFQVLAKRPPPCRRPRLENTEDVTHTTRP
161	0	GSCGASIAEFNSSQILAKRAPPCRRPRLQNSEDVTHTTLP
162	0	GTCKAECPTWEGICINKAPCVKCCKAQPEKFTDGHCSKILRRCLCTKPC
163	0	GVCDMADLA
164	0	GVGYKVVVTTTAAADDDDVV
165	0	GWGSFFKKAAHVGKHVGKA
166	0	HCDHFLGEAPVYPCKEKACKSVCKEHYHHACKGECEYHGREVHCHCYGDYH
167	0	HDSECLKEYGGDVGFGFCAPKIFPTICYRNCQKDKGANGGKCLWGEGGKVKCLCDFCSNESFNQFISLT
168	0	HEEPKVAPTEELMFAPSNQPRYCRSRQVFDGSCTDRGTPRTTCFLDFLGARSASEMPKNCDCTPQPNNKRLCECSVICTDCCVKN
169	0	HHGYKRKFHEKH
170	0	HKKHKK
171	0	HKKHKKHKK
172	0	HKKHKKHKKHKK
173	0	HKKHKKHKKHKKHKKHKK
174	0	HNFLPCVITNDCEYHHCSSGTVLCVNRQCHCSRSSTHQTKLDNLKKMDYAKKCKWTKDCDPRMRFTCVSGSYMCFDGLCTCTN
175	0	HVCLMSFGSSYRVGVHITHEKVAACPRQNQRLYSCDSLRILYHYSCLTTRDLLYICDCSDFENIICLIRLLLNLDFVEVKLV
176	0	HVREVKSVETKAKRVKKVCEKAQVFEQNCGWDGNKTCIRGFNKIKEYPFHCECGIYDAPNSRRICKCKFPYSPC
177	0	IAGAHKCKPCYGYKTNSCCNSPN
178	0	IATSPYYACNCPNNCKHKKGSGC
179	0	IATSPYYACNCPNNCKHKKGSGCKYHSGPSDKSKVISGKCEWQGGQLNCIAT
180	0	IDAGIKGFDTDHCDTRCYGRDECMNYCIKAGFPKGGQCGSLCIPCGFKCCCQK
181	0	IDVHDAMCYRSECTSVCDQICLSHGYTNGWYCGTFRLHTGCCCLKKKELNQIISPSKN
182	0	IHVEQAGVCEFTGEFPGKCGNNGRKMCVEAMNKKNKGSPGENKKNLRCECFDNPVVILGRPKRICRCRNNC
183	0	IITKTMNSKETIYLDNPAVSPSIDQNLVDIHLGHSFVQGVMSFCYDCGKACFRRGKNLARCQKFVCRCTISKLR
184	0	IITKTMNSKETTYLDSPAVSPSIDQYLVDIHLGHSFLQGVMSFCYDCGKACFRRGKNLARCKKFVCRCTKSGIK
185	0	ILIKESSEEERIYPFNPVASPFDPRSLNQILKIGKIGYCFDCARACMRRDRYIRTCSFERKLCRCSYSHIHHTHG
186	0	ILINESSDEERTYSFSPTTSPFDPRSLNQELKIGRIGYCFDCARACMRRGKYIRTCSFERKLCRCSISGIK
187	0	ILINESSDEQRIYSFSPTTSPFDPRSLNQELKIGRIGYCFDCARACMRRGKYIRTCSFERKLCRCSISDIK
188	0	ILINESSDEQRIYSFSPTTSPFDPRSLNQELKIGRIGYCFDCARACMRRGKYIRTCSFERKLCRCSISGIK
189	0	IPRGWQEPCFCPSKNPYCDCGDDLQVPTTSVISPKPIIEQCARCERNSQCNKVCPATCKYKVCIFNRTCEFSTCHCYRC
190	0	ITCGLVASKLAPCIGYLQGAPGPSAACCGGIKSLNSAAASPADRKTACTCLKSAATSMKGINYGKAASLPRQCGVSIPYAISPNTNCNAIH
191	0	ITCNDVTGNLTPCLPYLRSGGKPTPACCAGAKKLLGATRTQADRRTACKCAKTAAPQLKVRPDMASSLPGKCGISTSIPINPNVNCNTIP
192	0	ITVQADCIGPCNDDCQQLCKSKGYTDWTCASFRTKSSCCCKPPRHQIFEQNAQLNN
193	0	IVCNFEGHCVTSDDCINVCKSGEDPFLCVRSGPHKGMCCCLKTNGSVLE
194	0	IVMKSSNSKERTYPVTPALNPLTGQHSLRQRQLIFCDECANACFRRKKPVRSCQRFICRCAIRDVGY
195	0	KACPRNCDTDIAYMVCPSSGERIIRKVCTNCCAAQKGCKLFRSNGSIKCTGT
196	0	KAEDLARYYSALRHYINLITRQRY
197	0	KAPAEDLARYYSALRHYINLITRQRY
198	0	KDDKFICVVEYGGDVGPTFCNPKFFPTLCRQNCRSFKGAKGGKCVKQPKHKHIKCFCDYCKDD
199	0	KDIDGRKPLLIGTCIEFPTEKCNKTCIESNFAGGKCVHIGQSLDFVCVCFPKYYI
200	0	KDKECLKGYIDAPLSYCMARIYPSLCYRNCRFYKGAKGGKCDGLKCFCDFCSDKPF
201	0	KDLHTVVSAILQA
202	0	KEDKECNDSKCLPNPSRINLEEGNIKRIDVNHGGICDTYLECGGLACSDYRRACCVNGKCVCRKQGQTLPDCPN
203	0	KEDLIWKLLSKAQEKFGKNKSR
204	0	KELKWCPSKDVFNGSCTDTGSPSYTCFLDLLGSKSASAMPKNCKCTPLPHNRRQCDCFVVCDSN
205	0	KICEALSGNFKGLCLSSRDCGNVCRREGFTDGSCIGFRLQCFCTKPCA
206	0	KIVKRMQVGPSECVYRGRCRDSYECRSRCGPPEFSHETLGLCMFDYDDYEYFCCCTTNY
207	0	KKAAHVGKHVGKAALTHYL
208	0	KKFFRAWWAPRFLK
209	0	KKFFRAWWARRFLK
210	0	KKPPCLEGRTAYVSPGPCSNSLCTQDCRPAGYHTGKCKVEWSTPICKCYGCRKV
211	0	KLCERPSGTWSGVCGNNGACRNQCIRLERARHGSCNYVFPAHKCICYFPC
212	0	KLCERPSGTWSGVCGNNNACRNQCINLEKARHGSCNYVFPAHKCICYFPC
213	0	KLCERSSGTWSGVCGNNNACKNQCIRLEGAQHGSCNYVFPAHKCICYFPC
214	0	KLGVALKRK
215	0	KLGVPLKRA
216	0	KNKKVVIIPGPKGERPDIKVVEGPSTVEDDFCYDCVRRCMVKGVGFYFRSCKGFVCRCYYPFMGGYGP
217	0	KNWKKILGKIIKVVK
218	0	KNWKKILKKIIKVVK
219	0	KPRGKRPQSNFHAKRIRTVLQTLLVMLCTDYRCDKGLCKCHGFGGEKENPTAAPLTA
220	0	KQRLCIKVLTNASHVSKGASTCDSKLCTSLCEKISPQGVSFCKPIATTGQSKKGNPVCNCRYWCRSDGTPHTT
221	0	KRCHLTIDKATACSLSDCRLSCYSGYNGVGKCFDDPKVAGPSNCGCIYNC
222	0	KRDPQQREYEDCRRRCEQQEPRQQHQCQLRCREQQRQHGRGGDMMNPQRGGSGRYEEGEEEQS
223	0	KRHCSTIILPESPCVPQDCVEYCFEEYNGGGTCIASKTGRTTNCMCTYNCHGNNL
224	0	KRHHGYKRKFH
225	0	KRHHGYKRKFHEKHHSHR
226	0	KRLFKKLKFSLRKY
227	0	KRLFKKLLKFSLRKY
228	0	KRLFRRLLFSMKKY
229	0	KRLFRRWQWRMKKY
230	0	KSCCRTTLGRNCYNLCRSRGAQKLCSTVCRCKLTSGLSCPKGFPK
231	0	KSMAKAQGGWYLVEGLCSKFPDCNKHCKEQGFLGGQCLKLGVNMLCFCIHT
232	0	KSMNPTGRRCPDPNGVEKKSMCYSSCKTQGFMGGSCQGHKGNYMCECYEG
233	0	KSMVEVNAAHKWYIVEGLCSKFPDCNKHCKEQKFPGGTCLKLGVNMMCTCIYS
234	0	KSTCKAESNTFPGLCITKPPCRKACLSEKFTDGKCSKILRRCICYKPCVFDGKMIQTGAENLAEEAETLAAALLEEEMMDN
235	0	KTCENLADTYKGPCFTTGSCDDHCKNKEHLRSGRCRDDFRCWCTKNC
236	0	KTCENLSGTFKGPCIPDGNCNKHCRNNEHLLSGRCRDDFRCWCTNRC
237	0	KTCKLFRGECPVDPCEPEKCDECCKATFGKQICGKCEQESTELHCHCRR
238	0	KTCSDGWTCLGPKEEDKCKENCMAKHKGVGTCNLYTIPEFPAPITYYMCDCMFDC
239	0	KTCSDGWTCVGEDKCKVNCMAKHKGVGTCTLYIIPSFPAPITSYICDCMFDC
240	0	KTKWGCDMNRPFPGKCGTNGKDTCISDIKKMPGAPKDLVVRCECSQRFVWKGYPPERLCKCQYDC
241	0	KTNFDCVNLKCPTPFVTPKCVSGGCECPLKELLTLLSDTNYGVAACIDYCKAKGENAYTCILNHCYCRKPSM
242	0	KTVAGFCIFFLVLFLAQEGVVKTEAKLCNHLADTYRGPCFTNASCDDHCKNKEHFVSGTCMKMACWCAHNC
243	0	KVPCLSRMFNKNNTCSFLRCEANCARKYKGYGDCRPGDRPHDKKDSLFCFCNYPC
244	0	KWKLFKKLPLIGRVL
245	0	KWRRKLKKLR
246	0	KWRRKLKKLRPKKKRKV
247	0	KYHSGPSDKSKVIS
248	0	KYHSGPSDKSKVISGKCEWQGGQLNCIAT
249	0	LCKRESETWSGRCVNDYQCRDHCINNDRGNDGYCAGGYPWYRSCFCFFSC
250	0	LCPLDVLQLSSELLDIDGNEVEASRILSDITAFGGIRCPLTVVQSRGIGTIISSPYRFIAEGHPLSLKDMDGWFRVSDDEFNNYK
251	0	LDEPNMDTISKSREYKCKIDLDCSNHIACRHCSYRNCKCDHGTCKCMP
252	0	LDSLSFSYNNFEEDD
253	0	LEGESKVSGQVRDETPHTWYCKYDDNCRENCPGCTITKCNYGVCICSNCYHQQSDLGVESHM
254	0	LEYKGECFTKDNTCKYKIDGKTYLAKCPSAANTKCEKDGNKCTYDSYNRKVKCDFRH
255	0	LEYWGKCTKAENRCKYKNDKGKDVLQNCPKFDNKKCTKDGNSCKWDSASKALTCY
256	0	LGTSPYCEKVLSRFAPPGNCLKKNGNALCKESCANEQFREGVCLHLPKPQSKLNCYCSVLKCP
257	0	LISDKCTEGCKSTIGCNTRCMMRGGGYCESAKIHGAVKIFCCCNNYSNSPISSPVIN
258	0	LIWKLLSKAQEKFGKNKSR
259	0	LIYAKVECLTTGVRTYVGKQSWPELVGTKGKTAAATIDKENTHVTAVLCPPLTTLAACRTFDFRCDRVRVLINRIGGVVTKTPTVG
260	0	LLFGKIISRLLGN
261	0	LLSKAQEKFGKNKSR
262	0	LMDSMPQRHPVEGWCKRPLPNQKPGPCNNDRCSARCKEQKQFEFKGGKAMGICSSENRCLCTFRCR
263	0	LPMTHGGKPGYGIERTIIRPEWRCYVDEGCPKGQGAPCEKNCKNVADYGICIGIKCCCFDVIPVPPT
264	0	LPSDATLVLDQTGKELDAR
265	0	LPSSVINGFGYDYCIVECSITFLDDACKPLCIDRGYSDGGCIGLSPHFKCCCKK
266	0	LPTTARSPGYEIGPQRRRRVTCFSFSFCKPARGLASCDLFCKRLKFESGLCTGDLEKCCCIDYIN
267	0	LQDLALQGAKERAHQQ
268	0	LRRLLRRLLRRL
269	0	LSKYGGQCSLKHNTCTYLKGGRNVIVNCGSAANKRCKSDRHHCEYDEHHRRVDCQTPV
270	0	LSKYGGQCSLKHNTCTYLKGGRNVIVNCPWFWNKKRCKSDRHHCEYDEHHRRVDCQTPV
271	0	LSNSDALASSVIETTKNDVCSTPCTIRYGTFECFQDCILDHFRDGNCINGRCCCKY
272	0	LYMCVSSTCVIQWCAIQCKRKEANGIGTCKPRPNQGKIQYRKLKEECHCVYKCS
273	0	MAASKTTIFIVFVLCLSCTLLVNISGIQATSSTLKESLTAEIKPTKVDRCKTDRDCPQSHRCQKDFYYGCVVGECICRAV
274	0	MAGFSKVVATIFLMMLLVFATDMMAEAKICEALSGNFKGLCLSSRDCGNVCRREGFTDGSCIGFRLQCFCTKPCA
275	0	MAGIANGVGLLISFMLICGGMPKGHALGTSPYCEKVLSRFAPPGNCLKKNGNALCKESCANEQFREGVCLHLPKPQSKLNCYCSVLKCP
276	0	MAGKGVGSRLSTLFLLVLLVITIGMMQVQVAEGRMCKTPSGKFKGYCVNNTNCKNVCRTEGFPTGSCDFHVAGRKCYCYKPCP
277	0	MAGKGVGTPLSALFLLVLLVVTIGMMEVQVAEGRMCKTPSAKFKGYCVSSTNCKNVCRTEGFPTGSCDFHITSRKCYCYKPCP
278	0	MAGLKVFSFALLLILTFSLIDVEGYNVENGGSLCCNNHPKFGKCNTKNDDQRCNSWCLNGCDNGKGGYCKSMSHGGQCHCYC
279	0	MAIKKFSSLLLPLLMVLALVVLPIISGRTQEHPCQDYRLGCKSRDVCNAKCLSLGYVKGGDCVTFAFPICCCKINFGFQDDSPISSPIFTD
280	0	MAITKKCFAAFVLILLFVMPFVYCSELDNTSGFEIKQEDKCYGPEPCKNGYEGCLFFCVRIAYYLYGECTMKPDHQKHCCCVTK
281	0	MAITKKILLPFVLTILFVISSVHCSDDTQGFGIKQEYKQCYTPDPCRKGGNDECERFCVAKSGLLYGKCINDGSKDVCCCLTK
282	0	MAITKKNLIAFVFTILFVISYVHCRSTSDIVSGSGIKEDEHVCFKTSPCLPEVGGEKGCIAFCSRMKFTTGLCLGSVVCCCYT
283	0	MAITKTSATFVLLIILAASLSNFNVLASDIKPTGRIDNQCKRMCSATYGNGKCAADCRSDGFSSGQCFTSPPFDNRCCCNN
284	0	MAITMRTLVAFVFTIFFIISFVHSRTTTSGYGMLFDSVACEGGFEYCPRGGGNDKCTTFCRSLPNKYDFGVCDKIYACCCHINV
285	0	MAKAASTLVFPIIFLVMFALIEQNMGCMAVLGSCGVITDCSGSCKTKFGQDASGDCDRDGGQGTCMCGYPCPHDKLHM
286	0	MAKAIVSIFVVFFIFFLVISDVPEIEAQGNECLKEYGGDVGFGFCAPRIFPTICYTRCRENKGAKGGRCRWGQGSNVKCLCDFCDDTPQ
287	0	MAKAPSPLVFPIIFLIIFALVEPNMGCIQIIGRCIKIPDCSASCRKFLGPHASGYCDNDGAGGTCICTYPCQTKEIHM
288	0	MAKASSTLVLSIIFLVMFALVEQNMGCTATMGPCEKDKSCSATCRATFGDRANGFCDYSTSTSPGGECTCVYHCPPVVPHESHL
289	0	MAKATSSLVVPIIFLVIFALVEQNMGCNDYIVGDVCVHCRERCLRYYPVTRKAECYRNHCLCIGPCPDDRPHKRFQMLNSSKNVKAQILS
290	0	MAKATSSLVVPIIFLVIFALVEQNTGCFDYDVYQPCDHCRERCLKYYPVTRKAICRKNHCVCIGPCPDDKAIPDVKLFKNVKEQILS
291	0	MAKATSSLVVPIIFLVIFALVEQNTGCFDYDVYQPCDHCRERCLKYYPVTRKAICRKNHCVCIGPCPNDKAIPNVKLFKNVKEQILS
292	0	MAKFASIITFIYAALVLFAAFEVPTMVEAQKLCEKPSGTWSGVCGNSNACKNQCINLEGAKHGSCNYVFPAHKCICYVPC
293	0	MAKFASIITLLFAALVVFAAFEAPTMVEAKLCERSSGTWSGVCGNNNACKNQCIRLEGAQHGSCNYVFPAHKCICYFPC
294	0	MAKFASIIVLLFVALVVFAAFEEPTMVEAQKLCQRPSGTWSGVCGNNNACKNQCIRLEKARHGSCNYVFPAHKCICYFPC
295	0	MAKFASIVALLFAALVVFAAFEAPTVVEAKLCERSSGTWSGVCGNNNACKNQCIRLEGAQHGSCNYVFPAHKCICYFPC
296	0	MAKFCTTITLILVALVLFADFEAPTIVKAELCKRESETWSGRCVNDYQCRDHCINNDRGNDGYCAGGYPWYRSCFCFFSC
297	0	MAKFVSIITLLFVALVLFAAFEAPTMVEAQKLCERSSGTWSGVCGNNNACKNQCINLEGARHGSCNYIFPYHRCICYFPC
298	0	MAKIKSLDVITVAIILLLVIADQATAITVQADCIGPCNDDCQQLCKSKGYTDWTCASFRTKSSCCCKPPRHQIFEQNAQLNN
299	0	MAKISCSYFLVLMLVFSVFSLVEKTKGKRHCSTIILPESPCVPQDCVEYCFEEYNGGGTCIASKTGRTTNCMCTYNCHGNNL
300	0	MAKISCSYLLILMLALSVFSVVEKAKGDKRCSIIIDLSPCYPIECRLSCITERNGDGECVVSKVGSTPNCLCTYDC
301	0	MAKISYSYFLVLMLVVSVFSVVEKAKGDGSCTIIIDPKAPSCDIIQCRLSCITDYNGLAECIASRIGSPPNCVCTYDC
302	0	MAKLIVNFSALLMIILLVSNGLPKAVAQTCFKGEAQEGVCVKVDGSKLCDLLCRATNTTWFGACEVEDNETHCHCYGPC
303	0	MAKLIYSYLFISMFVLSVLLALPNAEGADIKRCVVDVKLSKPCTFQECIPLCFQRYNGNGVCTGKKNEICTCAYNC
304	0	MAKLLCSYLFICMFVLSGFLVFSSAKQLKTCTSVIKLGHPCDIESCLNECFRVYNTGFATCRGDKYSQLCTCEYNC
305	0	MAKLSCSYFFILMLVFSALLMVECDEGKRCHTTIDKGNFCDLVDCRLSCFSGYNGVGKCFDDPKVPGRSNCGCLYNC
306	0	MAKLSCSYFLVLILVFSAFLMVERAEGKRCHLTIDKATACSLSDCRLSCYSGYNGVGKCFDDPKVAGPSNCGCIYNC
307	0	MAKLSCSYLLVFMLVFSAILMVEKVEGEECRLTIDKATPCHLSDCRLSCYTGYNGVGECFDDPNVPGPDNCGCRYNC
308	0	MAKMSALSIFAIFIILVLVIFEIPEIEAHDSECLKEYGGDVGFGFCAPKIFPTICYRNCQKDKGANGGKCLWGEGGKVKCLCDFCSNESFNQFISLT
309	0	MAKNLNSVSFIVLLLVLLVASTEILKSDAACFTFLGECGPEPFTGSNADCLACCVALYKSPPVCAGRVEGVPAHCHCYKS
310	0	MAKNLNTVSFTVLLLVLLMASTGILETEAACFKFLGECGAVPFPGTNADCTSCCVGNFGSAVCAGRVEVEGGVKHCHCYGTS
311	0	MAKNRVLTIFYCTIYYCICFKYVLLGMVVEKTQGHICHDYLEGDHCDPKDCNLDCRDKWKGTGTCEPPTGTPLTRTCYCTYDC
312	0	MAKPCAAFLVFLCLSMLILSIPDISCQMNDCDCDHDHRCGEWEDESHGNCKQHHLRVVCTCTLDCLDISSTSNA
313	0	MAKSAAIITFLFAALVLFAAFEAPIMVEAQKLCEKPSGTWSGVCGNSNACKNQCINLEGAKHGSCNYVFPAHKCICYFPC
314	0	MAKSATIITFLFAALVLFAAFEAPTMVEAQKLCEKPSGTWSGVCGNSNACKNQCINLEGAKHGSCNYVFPAHKCICYVPC
315	0	MAKSATIVTLFFAALVFFAALEAPMVVEA
316	0	MAKSATIVTLFFAALVFFAALEAPMVVEAQKLCERPSGTWSGVCGNSNACKNQCINLEKARHGSCNYVFPAHKCICYFPC
317	0	MAKSVNATGFITYMVIFLILTGISRVKAKKPPCLEGRTAYVSPGPCSNSLCTQDCRPAGYHTGKCKVEWSTPICKCYGCRKV
318	0	MAKTASSLVLPIIFLVMFALVEQNMGCMAVLGSCGVITDCSGECISRFGPQARGYCDRDGGSGTCVCVYPCPADKPHM
319	0	MAKTFSSICFTTLLLVVLFISTEIPKSEAHCDHFLGEAPVYPCKEKACKSVCKEHYHHACKGECEYHGREVHCHCYGDYH
320	0	MAKTLNSICFTTLLLVLLFISAEIPTAEANCDTYLGEVTVYYPCRERDCEAQCYEHYPHSCKGECEHHDHVVHHDNEEEHCHCYGR
321	0	MAKTQNFVCFTAVLLILILVSTEIPMIEGKTCKLFRGECPVDPCEPEKCDECCKATFGKQICGKCEQESTELHCHCRR
322	0	MAKTVLGIHVTFLTLLFAVILLNDVMYTPVEKICERASGTWKGICIHSNDCNNQCVKWENAGSGSCHYQFPNYMCFCYFNC
323	0	MAKTVLGIHVTFLTLLFAVLLLNDVMYTPVEKICERASGTWKGICIHSNDCNNQCVKWENAGSGSCHYQFPNYMCFCYFDC
324	0	MAKVSSAYLKFALVMILLLSVISAVMSAGCIKNGGRCNASAGPPYCCSSYCFQIAGQSYGVCKNR
325	0	MAKVSSSLLKFAIVLILVLSMSAIISAKCIKNGKGCREDQGPPFCFTCSGFCYRQVGWARGYCKNR
326	0	MALSKFQLVALLITYTLLFSCQSKIVKRMQVGPSECVYRGRCRDSYECRSRCGPPEFSHETLGLCMFDYDDYEYFCCCTTNY
327	0	MAMAKKSVSSFTLIFILVLVIFEVPEIKAQDSECLKEYGGDVGFPFCAPRIFPTICYTRCRENKGAKGGRCIWGEGTNVKCLCDYCNDSPFDQILRGGI
328	0	MAMKSVSTLAVFAILFLVIVEMPEIKAQGSKCLKEYGGNVGFSYCAPRIFPSFCYRNCRKNKGAKGGRCRSGGAGAGSMICLCDYCSDKP
329	0	MAMTQVFVIFILLATSLCNSNALPSSVINGFGYDYCIVECSITFLDDACKPLCIDRGYSDGGCIGLSPHFKCCCKK
330	0	MANATSFIALAYLLASALMTTVVLGNRQCVQAMDCTNVCSHGGLCTKNGKCVCWSPNVVINSGPPCWSDEMCFSTCGGNGGYCNYDIGGCFCQ
331	0	MANISWSHFLILMLVFSVVKKGKGDQTDKYCTIIIDPRTPCDLVDCRLSCYTGYNGVGKCIASKASRTPNCVCTYNC
332	0	MANNMVASPYKNTFMMIALVLILLISGSEARSNGIYDPMCPGVCGNLVKPDCNGLCHELGFPAGGYCKPGNTCCCKKKDSGPVDVPPTA
333	0	MARSICFFAVAILALMLFAAYDAEA
334	0	MARSICFFAVAILALMLFAAYETEA
335	0	MASHIICYIFCIIKLSCAHVCLMSFGSSYRVGVHITHEKVAACPRQNQRLYSCDSLRILYHYSCLTTRDLLYICDCSDFENIICLIRLLLNLDFVEVKLV
336	0	MASLKVFSFALLIVLTFSVIGMIYNVESGGSLCCNSHPKFGKCNTNNDEQRCNRWCHNGCGNGKGGYYKSMSHGGQCHYYC
337	0	MASNKISFSFVLCLYMCSLLDAKSMNPTGRRCPDPNGVEKKSMCYSSCKTQGFMGGSCQGHKGNYMCECYEG
338	0	MASNKVSFFLVLCLCILLAGECIESPIFTGNKCSDPTGMDKDGKCLDYCHAQGYPGGSCIGFIDQGYMCVCKVG
339	0	MASNKVSFFLVLCLCVLSTAEFGEAQILTGIKCPDPNGHDKEDKCNIYCLNQNYMGGSCQGYKNHYMCECYVG
340	0	MASNKVSFIFILFLCVLSTAEFGEAQNPRGRKCEDPNGVDQKAKCYIYCNEQGFLGGSCQGYTNHYMCECYVG
341	0	MASRATSLFIFFFLISCTFMLLETNASKNKSRSDLPLCGFREHCDGLWCPGEGGKYSCINWSCNFIEDCEKRIRCEKTGPCCFDGLCDCTNF
342	0	MASSKFVLFAILALSLLLSGTEARKTVWPSSELDPKCCSNQPEFGICDSKEDDERCAQMCLDGCPTNKGGGCQPITEAPGAVCSCYCA
343	0	MASSSKCAFLVFLCMIVLLAPSEVHAKSMAKAQGGWYLVEGLCSKFPDCNKHCKEQGFLGGQCLKLGVNMLCFCIHT
344	0	MASSYTLMLFLCLSIFLIASTEMMAVEGRICERRSKTWTGFCGNTRGCDSQCKRWERASHGACHAQFPGFACFCYFNC
345	0	MASTKYLVLLFICLSVLLTPGLGTDPVPTPPGLHIPCGKGFTSKECNKYCTGVGYRRGYCAPDEEYPQISSCYCKWRI
346	0	MATNKFLSILLLSLMAFAAILLPMISGQIITCLPGECTNPSECNAACKSNGYKGGACVSMSIGSTTGACCCKPNFKSQDSFKSNDIIINNN
347	0	MATQKFSYFLLVLLMVFALILPSIISVEVIPCIAGSKCTNDMTYNELCRFKGFSKGGFCQKYVHQTIGRCCCHPTGLESQESSISGDTNVVITN
348	0	MAVKLIYLFLFLYIALLISGRTMSTTAGRRDGKSGRTEWLYVAGECAKLPRCNKYCVSNGFHLGGFCEKLSPQASYLSCVCKYT
349	0	MCLVCIGVVMSARMQESKKGILLKPKTCNTNADCAKFCKGPIQNCLYHTCACVPGNPHCC
350	0	MDFTKKILVVFAFTIMLGISSVHCRPSFKPIPLFGEKLTQCFDTRPCLQGMLKCIEFCSSMGTADGQCNNENLCCCTHE
351	0	MDITKNIVTLLLVVLFPILFYYNNVLAFPASDQSIYARCIGPCPRYAVPHWCENECLSRKYMAGGECAFIEGEGPTPRCCCINL
352	0	MDVQRSSYIFIALSIIAMFLITGVKPEVRDICPGVCHAGIEPDCDTLCISMGFTGGYCQGLTCCCNPKSSKSSIINRPI
353	0	MDVTKTYVTIFVVAILTISVLIQIQQYDRCIGPCLRFYGNHQCYKNCRKAKYDGGQCDFVKKGEKLPECCCYYNKN
354	0	MEIKFLIVLSAVLMIIFLGAEESHADCLSGRYRGSCAVWHRKKCVDICQREGRTSGHCSPSLKCWCEGC
355	0	MEKAALIFIGLLLFSTCTQILAQSCNNDSDCTNLKCATKNIKCEQNKCQCLDERYIRAISLNTRSPRCNVQSCIDHCKAIGEVIYVCFTYHCYCRKPPM
356	0	MEKIVFRKIVFVAFLLSLSCLLEGEARMSGDVTIQRGGSCNNDNTCHDTCPGCRITQCIFRQCVCTRCNTPRSSLRIESHM
357	0	MEKKSIAGLCFLFLVLFVAQEVVVQSEAKTCENLVDTYRGPCFTTGSCDDHCKNKEHLLSGRCRDDVRCWCTRNC
358	0	MEKKSLAALSFLLLLVLFVAQEIVVTEANTCEHLADTYRGVCFTNASCDDHCKNKAHLISGTCHDWKCFCTQNC
359	0	MEKKSLACLSFLLLVLFVAQEIVVSEANTCENLAGSYKGVCFGGCDRHCRTQEGAISGRCRDDFRCWCTKNC
360	0	MEKKSLAGLCFLFLVLFVAQEIVVTEA
361	0	MEKKSLAGLCFLFLVLFVAQEIVVTEARTCENLADKYRGPCFSGCDTHCTTKENAVSGRCRDDFRCWCTKRC
362	0	MEKMVLRKVVLLAILLSLSCLWVAKALEGESKVSGQVRDETPHTWYCKYDDNCRENCPGCTITKCNYGVCICSNCYHQQSDLGVESHM
363	0	MEKTSLKLIFLFSLTVIAFCSSLGDAREMVKAEVNCIGGKCPEGKKNCNCMPPIAHVMDDIRPCNTDGDCYKFCPRECELGTCYCRCDYGCTCTC
364	0	MEKTVSRKVVVLAILLSLSCLCIAKASKGEEKTSGELRDVTPQRGGPCSYDNLCHNHCPGCKITQCVNGECVCLICYTPPL
365	0	MEKVTSIFFVLLLISSCLILRSQGQFRCKSVAECDSRGCRVGTHVICNEHHICTCAHGSPIGGQCDGVEDCDLSGCPPNSHVICDRIGGNFCTCVPN
366	0	MEMRKSCGFFFLLLLLVFASQVVVQTEGRVCESQSHGFHGLCNRDHNCALVCRNEGFSGGRCKRSRRCFCTRIC
367	0	MENKFFAAFFLLLVLFSSQEIIGGEGRTCQSKSHHFKYMCTSNHNCAIVCRNEGFSGGRCHGFHRRCYCTRLC
368	0	MEPSNQIFFYLRRSKLLSGLGEIRMAKGQPLGTMERCYDMLTWGECVPDNCAFSCALKRHGKGGCIKAYDNRPACVCYYTCLRS
369	0	MERGMRLFSSLVLVLLLVTATEMGPKVAEARTCESQSHRFKGACLSDTNCASVCQTEGFPAGDCKGARRRCFCVKPC
370	0	MESKRSSSSPLLILITTIMIIFIISGPKSVDADCKHPVGPYTDSCFTDCVSGKYGYNYESAFCSRDETGTCKICCCELINE
371	0	METKKISYFLLPSLMIVALIFQPMCSAFTIAEPYIHPCMKGFCSFKSECANKCIFMGHHKGGDCIGGLDGIYCCCLA
372	0	MEVRSLNLCFLLVLVLLMSPAPTAVAFSPEDCLDDVGWILICTKPTCKFSCWTSRSVNKGRKMQDYWCSDSNTCHCVFCTGD
373	0	MFSQNICMWRDCFARCSPGYYERFECFHDCITKGYDDGNCVPGPKTGRCCCTR
374	0	MFTLKKSLLLIVLLGIISLSLCEQERAADEDETNAEEERRDEKGPKWKR
375	0	MGAALKMTIFLLIVACAMIATTEAAVRIGPCDQVCPRIVPERHECCRAHGRSGYAYCSGGGMYCN
376	0	MGFKNNLSLVSVMVFALILLPMISGQTMQCYSGIACTDDGTCNDYCNPRNNNLGGVCLRRANCCCCYVSVVKSQESSLSKDTNNVFITN
377	0	MGFTKILVTFFLVGLLVISSSPQNAIASEIKAKINGLECFNTCTSYYDDHKCNVDCLSSGYPAGECYTVSPSQPKKCCCY
378	0	MGFTKIVVTFFLVVMLAVSSSSQNAMASEIKAKINGLECFNTCTPYYDDYKCNVDCLSSGYPAGDCHIVSPSQPKKCCCY
379	0	MGIKKTSATVFLVIILTISFSYYDVEAESVIEPAKYGACLFLCDARRDDHACFYDCTNVAIYRTGHCVGNPPRCCCIRG
380	0	MGIKTLIIFFHIFILAVLSSNNIILTSGAEIKKFSYDHCFHLCVAGEYGSNECFVDCAQKGFWHGDCANRTEKDPIRCCCYN
381	0	MGITKSLMIFFHIVLLAVSLSNNIILTSGAETTKFSYDHCFHLCVEGEYGSRECFVDCTQKGFWHGVCANKTTAKDPIHCCCYN
382	0	MGITKTSVTFLFLLILAAFVSNYNVLASEIKPTGRIDDQCKQMCSATYGDGKCASDCRKAGFSSGRCLTSSPFGNKCCCTK
383	0	MGKTISFSAIILVFLLVSTGLMKQGDAQAQKCEWECKLLPNFPCWLKGAGEGLCDNLCKYEGAISGVCVSDPHRCLCRNRKPGCS
384	0	MGMWCTTLFMVSCVSICLILSHVQEVEAGAPPQDCWNLVTFPAKCGIHGKKKCFKEMESKYQQRFLQCTCKNLKPEPKSPKDEHDCTCQRANPYECNS
385	0	MGPVNEANCKAAMEIVCRREFGHKEEEDASEGVTTGDPDCPFTKAIPREEYANKYGPTIGDKIRLGDTDLIAEIEKDFALYGDESVFGGGKVI
386	0	MGRSIRLFATFFLIAMLFLSTEMGPMTSAEARTCESQSHRFHGTCVRESNCASVCQTEGFIGGNCRAFRRRCFCTRNC
387	0	MGSLKLSTFAIVVCLSILLISPIEVNGWGKCDLRKGLCRLADTISTCDVPCRAVDSKYHGGECLNVGGGQGICWCCRDYDAAKSGAEKESM
388	0	MGSLRLSTVAIAVVVCLSILLISPTEVDGRQVCDYDKGECNSYEKSSTCIEPCKQLDSKFIGGRCIPVGGITGMGLCVCCRDVQRGAEKESM
389	0	MGSLRVSTFAVAVVVCLSILLMSPTDGRRVCDSAAGLCSMLFSCNTQCNSLGRNFTGGECSDARFPGLSVCYCCHNVESSAEMESM
390	0	MGSLRVSTVVIAVVACLSILLISPTEVDGRLVCDTPAGTCTSSSTCNDQCNTWGGNYSGGECADSSFPGLSICYCCHYVGSSAEMESM
391	0	MGSSKLLVALTLVVMITISYDLFSEIGISAATLVIPTCFENCNATFQDPECNKWCALLAYKDGSCLYPPSEVDDLPPIKRPYIPRCCCNPITLSPPSP
392	0	MGSSKLMVTCIVVAMLTISCDILSVEMGISVQALPPTCGPDCTGRFMNQDCSKYCAALSYKHGVCILFRGLPPRTSTLRCCCG
393	0	MGSSRLMITFIVVAMLAISSDLFSVQIGISVQAAPPTCGRDCTEKFLTQDCDKYCVGLSYKKGVCILSEGLPPKTSTYRCCCS
394	0	MGSTKTLVTCFLTIILAVSLSNHNVLAIDAGIKGFDTDHCDTRCYGRDECMNYCIKAGFPKGGQCGSLCIPCGFKCCCQK
395	0	MGSTKTLVTCFLVIILAVSLPNNNVLASDARIEGFSFDNCNIRCSEDYWNDECNKDCLRAGFQKGGQCGSPCIPCPVKCCCQK
396	0	MHITSIAIVFFAAMGAVASPIATESDDLDARDVQLSKFGGECSLKHNTCTYLKGGKNHVVNCGSAANKKCKSDRHHCEYDEHHKRVDCQTPV
397	0	MHNISFKLLLLCDLFLSSSSVRHNLAVGDVCATNEECRINCQCDAAYCDLSCNMCVYMLHVMDTIDANIPNQPCISEYQNCGKKTSSLQ
398	0	MHSKLRVVYVLLILFILFIRHATTTYCEKVRSKTAPRDVCKKSNGNALCKKTCWTIEKYVNGKCLILPKTTNLDCYCYHYDNGSACRA
399	0	MIIVIIFLVIYFNNQLYMCVSSTCVIQWCAIQCKRKEANGIGTCKPRPNQGKIQYRKLKEECHCVYKCS
400	0	MIKSFQLSFTVLIVFTVLILGVVGNVEQKSQDWCWSIVNKDRCLQKECESLCSKKHPKGKFMCIPSTPGGPFQCHCRHPCR
401	0	MIMGVHYHEYRCHDWVDCAIWCKQWVPQPKCINRVCDCKPKSLPTNEEVPQSAYSSNSNY
402	0	MIMGVSYHENRCHDWVDCAIWCKQWVPQPKCINRVCDCKPKSLPTNDEIPKSASSSSKN
403	0	MIQIKFLCLFLAIMTIVVLDSNVAEARDCLSGTFKGPCWAWSGEKCRRLCIEEGRVSGHCSGGSKCWCEGC
404	0	MISTSLLLVVLLFAILAIVDAQWGYGGPYGGYGGGYGGGPWGYGGGWRRRHWGGYGGGPWGGYGGGPWGGYYGK
405	0	MIYNVESGGSLCCNSHPKFGKCNTNNDEQRCNRWCHNGCGNGKGGYYKSMSHGGQCHYYC
406	0	MKCGVLFMISCLLITFLVLSHVREVESKTKWGCDMNRPFPGKCGTNGKDTCISDIKKMPGAPKDLVVRCECSQRFVWKGYPPERLCKCQYDC
407	0	MKFAAIFLVTCVFFSLFSSNLSQGEKLSMDPTRRPWCPSKKQMFGGNCGNDGDSLCLMLLAASWDESLRHSSISCNCTTYPNYKILCSCPNMICP
408	0	MKFATCFLVSYVLVFLVLSVCKEVEAKELCNRIEDIDGNCDFEGEKGCLKFMTNKYKKERHVSCTCTNLYMLHKTKRFCDCKHRCSG
409	0	MKFSMRLISAVLFLVMIFVATGMGPVTVEARTCASQSQRFKGKCVSDTNCENVCHNEGFPGGDCRGFRRRCFCTRNC
410	0	MKFVAIFLVTCVLFSLFPSHLSQGEESRMNINAERRPWCPSKIQMFDTNCEVDGAKQCLDLLISTWDPSVRLTRVSCICSDFPYRNMMCSCPNMICP
411	0	MKFVSLASLGFALVAALGAVATPVEADSLTAGGLDARDESAVLATYNGKCYKKDNICKYKAQSGKTAICKCYVKKCPRDGAKCEFDSYKGKCYC
412	0	MKFVSVFLVLFIFFLVVLEAPEKIEAKDDKFICVVEYGGDVGPTFCNPKFFPTLCRQNCRSFKGAKGGKCVKQPKHKHIKCFCDYCKDD
413	0	MKGIAMLLVSCLLFSFLSTNLAKELKWCPSKDVFNGSCTDTGSPSYTCFLDLLGSKSASAMPKNCKCTPLPHNRRQCDCFVVCDSN
414	0	MKILAFFIFVLLIFSCSSSMIMGVHYHEYRCHDWVDCAIWCKQWVPQPKCINRVCDCKPKSLPTNEEVPQSAYSSNSNY
415	0	MKITILFLTLLVLSSSCTSIITKTMNSKETIYLDNPAVSPSIDQNLVDIHLGHSFVQGVMSFCYDCGKACFRRGKNLARCQKFVCRCTISKLR
416	0	MKKFGCNTTHPFPGKCGNNGKSSWVSDMKKLPSAPKNRDIRCECSDRPSLARGMPGERVCRCDYDC
417	0	MKKIFQLSFTVFIIFISLVLGVVGNVQQKRSNRCIDFPVNPKTGLCVLKDCESVCKKTSKGLEGICWKFNAKGKDPKQCKCCGLWPPLY
418	0	MKKPSQLSATILTIFVILAIGVMVKETLGQAPSTCFEALKDASKGASCDSELCASLCKKKSGGGVGTCRTKTTQPSKGQPECHCRFWCKSDGTPYK
419	0	MKKSFLFTFTVLTIFTILVIGVAPEKLTTCSRFLSQKSGKCVKEDCDRMCKQKWPGKYTVGHCYGQFKDAKRCLCSVCGPDRQPP
420	0	MKKTFSFTVLILFVIPLLVTGLMDSMPQRHPVEGWCKRPLPNQKPGPCNNDRCSARCKEQKQFEFKGGKAMGICSSENRCLCTFRCR
421	0	MKKYFQPSFVILIIFTVLVLGVVGNMSVDQKRCWATLKENNCVHDECRSMCLKKNPKGHGRCIKSSKGRIICLCGYDCP
422	0	MKLAAIFLASSVLLSLLPIHLSQGEAAGERRQWCPSKQQVFRGSCSDDGGQKCLNDLLWTWNPSVRLSPIYCDCTPKRHNKRLCDCPSMICL
423	0	MKLAAIFLVSCVLLSLLPSLTIAEKRPWCPTRKQIFDGSCNRTDYTQCFNDLRNTWDDIGDLCPTDCTCTPQPQNKRLCYCRYLPCPST
424	0	MKLSILVKAMKRNNGFRYDYCIAECSEHFLDDVCKPVCIDKGYSDGGCIGLAPNFKCCCKK
425	0	MKLSLRLISALLMSVMLLFATGMGPVEARTCESPSNKFQGVCLNSQSCAKACPSEGFSGGRCSSLRCYCSKAC
426	0	MKLSMRLISAVLIMFMIFVATGMGPVTVEARTCESQSHRFKGTCVSASNCANVCHNEGFVGGNCRGFRRRCFCTRHC
427	0	MKLSVRFISAALLLFMVFIATGMGPVTVEARTCESKSHRFKGPCVSTHNCANVCHNEGFGGGKCRGFRRRCYCTRHC
428	0	MKMAKAAATNDFGFITCLVIFLVLAGISNGMRMTQKVSCIEGRTLWARPPKFFYCSSTLCEDNCINTGAYRGGTCDMEDEVAICRCHRCKKII
429	0	MKMAKSANEIGFITCLVVFLVLTGQSNGMSNGMPRTVPCIEGRILWNRTLPCSSILCGDHCVPHGYRAGTCDIVNDRAICKCSRCR
430	0	MKMNITKSYVILFLVVVMTNSLSNSEVLVAPVIETAQNDVCFVPCTSRYGHYECAFDCMHKRYKDGGCVHGRCCCKT
431	0	MKNASLKLPLLIFILVITSNLGAEARKLTGVADVIVEGEAASPQYGIIDENDTLNKSPSCKRDIDCTFQCRRGGFCNLILQKCECL
432	0	MKNSFRFSFTVITTFIICVLVSGAMVNGQCSFPQPVGPNGKCVPKDCKSLCHKKYKGGSICTTGKPNICMCLVCRRRSPEV
433	0	MKNSSIILVLVFFFFISSSGEAKTCSDGWTCVGEDKCKVNCMAKHKGVGTCTLYIIPSFPAPITSYICDCMFDC
434	0	MKNSSILLLLVVFFVISSSGEAKTCSDGWTCLGPKEEDKCKENCMAKHKGVGTCNLYTIPEFPAPITYYMCDCMFDC
435	0	MKNSSIMFVLIVVFLISSSENQKMVGEAKQCKTGWACFGEDACKEKCMAKYKGVGTVTYFPFPPETIIIYCECLYDC
436	0	MKNSSLLFILIVVFVISSSENGIMIGEAKKCSNSWICEGDEKCKEKCMADYKGNGTCYYPSPPSKQHPEFFYPTCWCGFDC
437	0	MKNVSQVSVAVLLIFSILVLGIGVQGKVPCLSRMFNKNNTCSFLRCEANCARKYKGYGDCRPGDRPHDKKDSLFCFCNYPC
438	0	MKRSFLLLLTILTIFIILGQGVMGNDEQLRGNRCFQIKFKTGKCVPKECQTACQEKLRKPKLKGEGFCMKECTCCFYT
439	0	MKSFLVAFLIVLVFFCVEMKIGNGFKIHEVPEPTGKWCGYSVPMKPCINDDRVKRCIAENTHGWLMATGMCTSIPSLKDCYCMHQCP
440	0	MKSNKATFFLGLLLVYAFCIMLIESRCYTNDDCKDGQPCPVPLACLFGSCICPWKSQSKLPICQIICANLD
441	0	MKSSIFFKLLLLVSLLVVIFRQSYAVADYCNRDADCKRVCLRPYACNLTRHLCMCHPNDVSSSKQHCIPEHKGFGEGGPPPQRLKLYR
442	0	MKSSMKMFAALLLVVMCLLANEMGGPLVVEARTCESQSHKFKGTCLSDTNCANVCHSERFSGGKCRGFRRRCFCTTHC
443	0	MKSSMQLISTLFFLVILVVAPGMKMVVEGQPQLCETKSLNYRGLCLKWRSCKRVCISEGFPDGRCKGFFNNKCVCRKPCALLSTEN
444	0	MKSSTTSMQLIPTLFFLTILLASPEMVEGQQMCEAKSLDWKGMCLKWRNCRQVCISEGFTDGRCKGFTRKCICSKPCFVLPN
445	0	MKSTIFVLTLLIFVSLYFNIIVYVSFSFIGTSEIVVPSSFKRVEGPVTAASADFCYKCSRGCYRRYRRPVFCQGSICRCSSFIDDGY
446	0	MKTIFFFITFIVLVSSCTSNIMTKSISQVKSQFFSPALSPNVDPADEHIGHSPDDMKIIFCQQCAFHCIEKKKNIGNCENSICRCTLEDIL
447	0	MKTIILFLTLLVISSSCTSIITKTMNSKETTYLDSPAVSPSIDQYLVDIHLGHSFLQGVMSFCYDCGKACFRRGKNLARCKKFVCRCTKSGIK
448	0	MKTLFFFLTIAVLVSSCTSNIMTKSILEGKTQFSIPSLSSTIDPAYEHIGHFPDDMKIIFCQQCAFHCIEKKKNIPHCENSICRCTLENIL
449	0	MKVEVIFLASCVLFSLIHAHLSHEEPMKEPEYCRWTNAFNGTCSDRGNPQTMCFFDFLDAHTARVMPKNCACNDLPGNKRYCECSFVCNS
450	0	MKVSPRLNSALLLLFMILATVMGLVTVEARTCETSSNLFNGPCLSSSNCANVCHNEGFSDGDCRGFRRRCLCTRPC
451	0	MKYFTLFMISYIFISIFVFSHIHDVEARNRICRTSEKYYREFCGHAGNDDCLSKSTKKPKPFKCVCHDNRSQNITSINDRYNNCICTFYC
452	0	MKYGVLFMVSCGVMFLILSHVEEVEAMKKFGCNTTHPFPGKCGNNGKSSWVSDMKKLPSAPKNRDIRCECSDRPSLARGMPGERVCRCDYDC
453	0	MKYLWVFIVFSIAVLSHACSA
454	0	MLLETDASRNKPSSYIPLCGSDNSCGGLWCPRKGGKYSCISMTCDIQEDCPKLVRCKDSPGPYCMEGFCTC
455	0	MLMACYSAGQLGCLVFCNEAEYSYGKCIGRGRCCCYDL
456	0	MLRANVVVSLVIFAALMQCMNGKENITPWIYSMKQPVSCNREHSEIGICLSGIDDDIQNDGKCWKFCLMVAKSGGYNADK
457	0	MLWSASMRIFASAFSTRGLGTRMLMYCSLPSRCWRK
458	0	MMKKLIQLSFTVMIIFTILVLGVVANEGLGKPKKQCNEILKQSNCVAAECDSMCVKKRGKGAGYCSPSKKCYCYYHCP
459	0	MMKNQFQLSLIILTFFILLELGVMGNVQQVKREQCHTVIPNKSGKCIFTECKSACEKLKKPVASLCLPPKTCRCYHFCS
460	0	MMNVSLKLSFLVFILVIMSNLGSEARELAGVNEIFEIAARSSNNAGTARALQQAPPCKRDVDCSFECPKGGFCNDRLGTCDCF
461	0	MMQIKFLFTFLALLMMVILGAKEADADCLSGRYRGPCAVWDNETCRRVCREEGRGRVSGHCSARLQCWCEGC
462	0	MMSSKSHFVALLLIIFLIVNVQSTRIMDDSSDCVFKGPCQRRSDCYERCGLKPPSRAALCQPMGLQGRVCCCL
463	0	MNITKAYVIFFLVVILTNSLSNSDALASSVIETTKNDVCSTPCTIRYGTFECFQDCILDHFRDGNCINGRCCCKY
464	0	MNITKRYVVIFFLVMLTKSLSNSDVLVSSVIETSKNDVCFIPCTRRYGDWECYDDCLGKNFNDGGCVDGRCCCKK
465	0	MNITKSYVVIFFLVMLTNSLSNSDILVSSVIETSKYDVCFIPCTRRYEDRECNDDCLAKDFNDGGCVDGRCCCKY
466	0	MNKNIIFSFTVLTLFVIFVQVTGVIGNLQQRRQMNQTWCSRPLLTHKQTGKCVIEDCESKCRQKWKGNGTQATCRNQCNCHFRCPWIQGQP
467	0	MNNLRVIMSVLLAVLVFTATVSESAEEMGKGEVTISLRCKTKTECLKNIACEACVDCRCDKGICKCHGFTAETNNPTV
468	0	MNTIVLFLTLLILVSSCTSIVMKSSNSKERTYPVTPALNPLTGQHSLRQRQLIFCDECANACFRRKKPVRSCQRFICRCAIRDVGY
469	0	MNWELCDDYPSKAPPETCNKVDGARRCRTSCNNEGYGGANCNLKGKVKVCECTILRVCLPHHKRPPHVPKPPK
470	0	MNYKIGIMSLLVITSIIFLFLVPDKVEAQKECIGPCDMFTDCQAACVGIRKGYNYGQCVAWKPKDDDPFTCCCYKLTP
471	0	MQIKFLYLFLAVMTIFILGAKEADADCLSGRYGGPCAVWDNETCRRVCKEEGRSSGHCSPSLKCWCEGC
472	0	MQITSIAIVFFAAMGAVANPIARESDDLDARDVQLSKFGGECSLKHNTCTYLKGGKNHVVNCGSAANKKCKSDRHHCEYDEHHKRVDCQTPV
473	0	MRCTTLIMVSFVVSCLLLSLVEESEAGAPPVECWSEILFSGKCGFHGKKKCYKEMESKLKQRVLKCRCEDVKKDSNTSKDEHYCGCQRENPYECN
474	0	MRCVTSFVVFCILMFFVLNIFTVEVKAQRLVPLCKTIGYENPGKCPADGNKFCRRKLDDRYVKYKRCDCQDTKGRKQNHHRCICYMKLPCNQ
475	0	MRCVTSFVVLCILMFLVVNNVKVDVKAQRRKPVCKLTGVLNPGKCPTAIHDASNLCSRKLASPNMTFKRCDCQNTEWRGKDHYQCTCYIKLPCNQ
476	0	MREETVVYEQEESVSHGGGKHRILAELARVEQEVAFLEKELKEVENTDIVSTVCEELLSVIEKGPDPLLPLTNGPLNLGWDRWFEGPNGGEGCRC
477	0	MRFFATFFLLAMLVVATKMGPMRIAEARHCESLSHRFKGPCTRDSNCASVCETERFSGGNCHGFRRRCFCTKPC
478	0	MRFTSMIFVLVVILINSLFNFNVLASSVIETTKNDVCSTPCTRRYGTYECWHDCLHERYNDGGCVDGRCCCKK
479	0	MRHATSPIVFCFLIFLVMNHVKGQAKKKRCPIGLHTYGKCGTDRAKFCFSEIESKLSFSKQVLNTISSCRCDDDRQGNKDLYWCQCDRREGRPCPAN
480	0	MRMTQKVSCIEGRTLWARPPKFFYCSSTLCEDNCINTGAYRGGTCDMEDEVAICRCHRCKKII
481	0	MRNLINFAVLIMTIFIVSASGARETRMMEQTCPVFWPMVPCDANKCEQMCRDYYGSVPSYCNRIGTPIAECACSLTPC
482	0	MRPRSRAGDKFMSQGQELCHEYFQLTAPCEKQPCIDMCSSKYKTGKGVCGPAVHQCFCTFSCTV
483	0	MRSATFFLVSCVLMSFVLSHVKEVEAGLDPMAANLRVRKDIFIGGCGRDGNKTCMKDFVKKGGVMNKPISCECDNLGYEHLCRCNFS
484	0	MRSATLLLVSCVLLSFILGNVKEVEAVLKPMDQCGRKDIFLGGCGSNGSKTCINDFVKKGGVAAKPSSCECDDFGEEHLCRCYVPC
485	0	MRSISFKLLLLVSLLVVVSRYTLAYEDSCSTDEECRRNCLCDVAYCDKSRDKCDYGFMNRVDVRFPKHPYISKNKDGSGR
486	0	MRSITWFIVFCVFMFIALNHVKGQVKPTGCQGGQRYRGKCGTNGTKTCVKDMMLPKLFKTKRCDCQDMLGTFKGWHFCTCYSGRPGC
487	0	MRSVIWFIVSYTLMLLVLRGGKEVEAEKLCTTIGDLDGKCSQDGEKLCMRYMTDQSKKKFLSCTCNNVVMLHKYKHYCECQSHCTPKQT
488	0	MRYTTSFIGLCFLIFLLKNLVNGGLIRECDYTMEGYGPCGPNGRSLCLDTFWKTPPSPGLSKNLEGCRCEDRGKRPPIFTGLSHTCRCCWSYGGGSDD
489	0	MRYTTSFIVFCFLIFLQTNLVKGRTIRICDRKVEGNGTCGPNSNNICLDEFWKNPPSPRLAKSLEGCTCEPRGKRPKFKGLSHVCWCCWSYNSSNPAG
490	0	MRYTTSFIVFCFYIFLFTNLVQGGLVRICNHRIEGYGTCGPNGRKICLDAFWKNQPSPGLSKNLEGCQCEDRRKRPQFKGLSHSCSCCWSYQGNSDE
491	0	MSAQKIYLASLLLFICLVFPQSTAIVCNFEGHCVTSDDCINVCKSGEDPFLCVRSGPHKGMCCCLKTNGSVLE
492	0	MSGQKYQLVSLLLIICLLFSQSTASGCNFKGSCRTDDQCKRICRGHGLDPSFQLCVPYSSKGGKCCCLHYEGAPLSSEVI
493	0	MSKLTNVVIFIVFFLGMMAKETQGQHICHQILLNNNCDGATCTSLCDKQLQGTGQCYKTVDKRFICLCNYLCRT
494	0	MSKPTVIVIFMAILVLGMATKETQGANCVNYFEITFPEVCEANWCAAECLKAYKNGKGTCWQKFCQCVYDC
495	0	MSKSLQLIVTVLCIFTILVLGEICLAKGQPLEEMVECKEVLWPEECKYDACAFACALKRHGKGGCLEGPDYRSACICQYACKRS
496	0	MSKSTFLFVYIILILGSMVNEIQGQHAMCHEILPETDCGAGSCTALCLQLWRGTGKCVRTNDQKLICLCNFECIV
497	0	MSKSTILAIFMIVLVLGKVTKETQGQEMCRDILMKAKNCDEGTCDTLCKQKWKGNGSCFPNVYTYRKSCLCTFPCKT
498	0	MSKTFQPSIVMLTIFLILVTSQRRKCDEKIVLQFCNGRNRCYEYCDTKECVAACKKKRNGEGICNGDVFSVSAQCLCLYKC
499	0	MSKTTVIAIFMVVLVLGLVTKETQGQELCHDYMSGTELCEEDKCVAKCIWMHGTAAKGTCMPKPSKQCVCTYSCNA
500	0	MSLVYMYMYIGVVMSARIQESTNDILKPITCNTNADCAKFCKGPIHNCVYHTCQCVPGNPHCC
501	0	MSNGMPRTVPCIEGRILWNRTLPCSSILCGDHCVPHGYRAGTCDIVNDRAICKCSRCR
502	0	MSNLRLTIAVFLAALFQTLWWKPRGKRPQSNFHAKRIRTVLQTLLVMLCTDYRCDKGLCKCHGFGGEKENPTAAPLTA
503	0	MSSKIKFVALLIVVISLLLNNAQSTREILSAEICGWNDPAVHCKTKEDCFEKCGGRPAKKVFCVRPGDHSYDRLCCCRA
504	0	MSTKLFSYFMLLVVLFSVLTIIPKTEAQKRCRQELEPGKQCVLAKCRELCFKQLKGFGSCIEKPPGSSKYTCNCFYNCGPPGFF
505	0	MTEQKPKPSCHNVMVGNYVPTASDRAANRTLGFGLVTNIINGGLDC
506	0	MTFFLVIILAISSSNYNVLAVSGPPKCIALCRPGYYERFECFHDCITEGYDDGSCVPGPTTAKCGIITKTTNKICYSFAFE
507	0	MTIKKFLPLLLSSLMVYSLILLPIISGKSPVSCDGACTSTPQCNKICTSKGYKKGICHGSAHLFYICCCYAKFESQYDPSISSPPNY
508	0	MTISKKMLIVFVLTIFVVSFGHCSDSFPGLGLKKQAHKQCYSPDLCTGGDSKCDICCVLISGVYYGKCIQSKCHCLNKTK
509	0	MTKAITLAIFMVVLVLGMVTKETQGEEKQCYDYLLTPQENCEGLICAHECTMQHGGNGVCVDTTSTVCICTYDCTS
510	0	MTKGDTKVMKCVLEVISDSLSKPSPMPVSPECLETLQGDERILSVLRHQNL
511	0	MTKIGFYLATYATIYIILSPGLLATAARENLHHQCFCESPSKCDCFPTTPTPPTSVNKSRKGGPLCTTDGDCKHFCRPKKGVCNIDFETCICQ
512	0	MTKSIISAFFIILILGMMVNEIEGQQQQQRCEEALTEIDCGAGNCNALCLQKRKGLGRCVQRTPCDKLKCMCYYPCSS
513	0	MTKSTFLFVYIILILGSMVNEIQGQNAICQKFLSETDCGAGSCTALCLQLWKGIGKCIKTDDHKLLCLCKYECIV
514	0	MTQGKRKHPCDLKNPSKRAPPATCNKPNGAILCGDFCLHEGYNIGKCVMRRTGKACICSQCEGW
515	0	MTQKATILAIFMVVLVLGLETKETQGQEMCHDLIKKTDCDDATCVTLCKQKWNGNGGGSCFQIVNLKSCLCAFPCQV
516	0	MTSLIAFLFTVLVIVSSVHCRMTTASTPGYGIKQEDRLCIQGQEGTKLCSSGTSRDCLNFCLIRGYAGGSCYAYTLDQCCCRIPPPKLK
517	0	MTSMKLHIVALCIIVSFLVNVQSTRIMDASSDCEFKGPCHKKEDCYDSCGVNKPPFNNAICVPGRDSFQCCCILS
518	0	MTSRAKSLFIFFFLISCTFMLLETDASRNKLSSYIPLCGSNTYCGGLWCPKKGGKYSCISMSCDIQEDCPKLVRCKNSPGPYCMEGFCTC
519	0	MTSSSKCLFFVFLCLAALLTPYLAEAEDRSKLIPIGPCSKIANCNQTCIESQFLGGKCIKWYPDSIKETCACLVKPSITHV
520	0	MTTKKTSSVVLPLLLVFALILMPMVAGQLKSTCRIAEAWKGAKECNAKCAALGTTRGGVCQKFLGDLYCCCWD
521	0	MTTKMVSSHRLLTLMVFALLLIPMISGQSSKCTKGCTSTPECNIKCMKKGGGHCQAYIGRSHGRLAIENYCCCNNYSNSPISSPVMN
522	0	MTTTKTMLVAFVLTLFFVISSVHCSDGTSGYGITEATKRCFTPAPCTRGLFYCQTFCSSLSAVLIGVCESGICCCILNQ
523	0	MTTTMKTFVAFVLTVFFIMSSAHCRTTTGGSPGYGIGGRTKTCFTPALCIYRGVHGCDSYCKTKNFDYGYCRQEHCCCVNY
524	0	MTYKATILAIFMIILVLGIGTKETRGQETCHDLIMKRDCDEATCVNMCQQKWKGSGGSCFQNFNVMSCICNFPCQV
525	0	MVASHRLLTLMVFALLTIPMISGLISDKCTEGCKSTIGCNTRCMMRGGGYCESAKIHGAVKIFCCCNNYSNSPISSPVIN
526	0	MVLLASCVIHAHIISGEIEDVSNTRSPTMMGANRKIIGDNKNLLCYLKALEYCCERTKQCYDDIKKCLEHCHS
527	0	MVLNNKTALWFMTLVLLLLSSREMVPGAEARLCRVRGTRGHCFNDHGCDKVCTREGFVRGKCNGILRRCICDRQC
528	0	MVNGQCSFPQPVGPNGKCVPKDCKSLCHKKYKGGSICTTGKPNICMCLVCRRRSPEV
529	0	MVQIKFLFVFLAVMTIVVLAANMADADCLSGKYKGPCAVWDNEMCRRICKEEGHISGHCSPSLKCWCEGC
530	0	MVQMIFLFAILAVMTIVLMEANTVLARDCLSGTFGGPCWAWSGEKCRRLCIEEGHVSGHCSGAMKCWCEGC
531	0	MVRTNVVSFVLFAAIVLCILYGQKHIAPWIFEDKSICCKEHPSVGRCLPGIDDDAEKDGKCWKFCIEGCETGGFCKLFEHKHICHCNCSG
532	0	MVSSRKCVFLVFLCMVVLLNPKSTKAKDIDGRKPLLIGTCIEFPTEKCNKTCIESNFAGGKCVHIGQSLDFVCVCFPKYYI
533	0	MWGRQIVLKIFFLVLSCVIVIETERIDICFIPCTRRYGDYECWFDCTYNRYKEGGCVEDVVVKHNRNRPTFRAVELCFFSIKFMYDFSMK
534	0	MYDESTGYSSALK
535	0	NAPAEDLARYYSALRHYINLITRQRY
536	0	NCDTYLGEVTVYYPCRERDCEAQCYEHYPHSCKGECEHHDHVVHHDNEEEHCHCYGR
537	0	NDEQLRGNRCFQIKFKTGKCVPKECQTACQEKLRKPKLKGEGFCMKECTCCFYT
538	0	NEGLGKPKKQCNEILKQSNCVAAECDSMCVKKRGKGAGYCSPSKKCYCYYHCP
539	0	NEMGGPLVVEARTCESQSHKFKGTCLSDTNCANVCHSERFSGGKCRGFRRRCFCTTHC
540	0	NFASGEASSQLCFNPCTPQLGNNECNTICMNKKYKEGSCVGFGIPPTSKYCCCKT
541	0	NIFNAISAAGLGNQIKVSTAIDTGVLGTSYPPSK
542	0	NIMTKSILEGKTQFSIPSLSSTIDPAYEHIGHFPDDMKIIFCQQCAFHCIEKKKNIPHCENSICRCTLENIL
543	0	NIMTKSISQVKSQFFSPALSPNVDPADEHIGHSPDDMKIIFCQQCAFHCIEKKKNIGNCENSICRCTLEDIL
544	0	NKKMVGEAKKCDQTWTCEGEDKCREKCLTLHNGVGVCDLYTAPLVPKQCFCHYDC
545	0	NKLIGSCVWGAVNYTSNCNAECKRRGYKGGHCGSFANVNCWCET
546	0	NLCERASLTWTGNCGNTGHCDTQCRNWESAKHGACHKRGINWKCFCYFDC
547	0	NLQQRRQMNQTWCSRPLLTHKQTGKCVIEDCESKCRQKWKGNGTQATCRNQCNCHFRCPWIQGQP
548	0	NMGCIQIIGRCIKIPDCSASCRKFLGPHASGYCDNDGAGGTCICTYPCQTKEIHM
549	0	NMGCMAVLGSCGVITDCSGECISRFGPQARGYCDRDGGSGTCVCVYPCPADKPHM
550	0	NMGCNDYIVGDVCVHCRERCLRYYPVTRKAECYRNHCLCIGPCPDDRPHKRFQMLNSSKNVKAQILS
551	0	NMGCTATMGPCEKDKSCSATCRATFGDRANGFCDYSTSTSPGGECTCVYHCPPVVPHESHL
552	0	NMSVDQKRCWATLKENNCVHDECRSMCLKKNPKGHGRCIKSSKGRIICLCGYDCP
553	0	NNCKHKKGSGC
554	0	NNFYSYNAFITAAKSFPGFGTTGDTAVRGPIQISYNYNYGPCGR
555	0	NPAEDLARYYSALRHYINLITRQRY
556	0	NRQCVQAMDCTNVCSHGGLCTKNGKCVCWSPNVVINSGPPCWSDEMCFSTCGGNGGYCNYDIGGCFCQ
557	0	NSMERVEELRKKLQD
558	0	NSVEKDVMDGPCRLRGTCNNDGDCDKHCHRSTDAAAMDGHCLFDKPTGPVCCCLFD
559	0	NTCEHLADTYRGVCFTNASCDDHCKNKAHLISGTCHDWKCFCTQNC
560	0	NTCIEGIGNCQQCDVRCKARHGPAAKGACDSKFQLCTCNYPCGQGPSPPQPKKCYGGAGICSDRCGAQCCNQNCAQKYNQGSGFCDSIGNTSLCKCQYNC
561	0	NTGCFDYDVYQPCDHCRERCLKYYPVTRKAICRKNHCVCIGPCPNDKAIPNVKLFKNVKEQILS
562	0	NVEQKSQDWCWSIVNKDRCLQKECESLCSKKHPKGKFMCIPSTPGGPFQCHCRHPCR
563	0	NVQQVKREQCHTVIPNKSGKCIFTECKSACEKLKKPVASLCLPPKTCRCYHFCS
564	0	PAEDLARYYSALRHYINLITRQRY
565	0	PMPVSQECFETLRGHERILSILRHQNLLKELQDLALQGAKERAHQQ
566	0	PNPKVFFDMTIGGQSAGRIVMEEYA
567	0	PPEAAYGPGNTNSDSGDK
568	0	PVSRQQCSQRIQGERFNQCRSQMQDGQLQSCCQELQNVEEQCQC
569	0	QAKKKRCPIGLHTYGKCGTDRAKFCFSEIESKLSFSKQVLNTISSCRCDDDRQGNKDLYWCQCDRREGRPCPAN
570	0	QDYCAQEGQQEVQRKDLSDLERYLRQSRQR
571	0	QELCHDYMSGTELCEEDKCVAKCIWMHGTAAKGTCMPKPSKQCVCTYSCNA
572	0	QEMCHDLIKKTDCDDATCVTLCKQKWNGNGGGSCFQIVNLKSCLCAFPCQV
573	0	QEMCRDILMKAKNCDEGTCDTLCKQKWKGNGSCFPNVYTYRKSCLCTFPCKT
574	0	QEMCRDLLMRAKNCDDSTCATLCKQKWKGNGSCFPNVYRKSCLCTFPCKT
575	0	QETCHDLIMKRDCDEATCVNMCQQKWKGSGGSCFQNFNVMSCICNFPCQV
576	0	QFRCKSVAECDSRGCRVGTHVICNEHHICTCAHGSPIGGQCDGVEDCDLSGCPPNSHVICDRIGGNFCTCVPN
577	0	QGKKKPPCPLGLSANGKCGHDGPKLCFSEMERKFNKDVVKTITHCKCWDDRRNNVDKHRCTCYLKHGFPCTNG
578	0	QGSKCLKEYGGNVGFSYCAPRIFPSFCYRNCRKNKGAKGGRCRSGGAGAGSMICLCDYCSDKP
579	0	QHAMCHEILPETDCGAGSCTALCLQLWRGTGKCVRTNDQKLICLCNFECIV
580	0	QHICHQILLNNNCDGATCTSLCDKQLQGTGQCYKTVDKRFICLCNYLCRT
581	0	QIITCLPGECTNPSECNAACKSNGYKGGACVSMSIGSTTGACCCKPNFKSQDSFKSNDIIINNN
582	0	QILTGIKCPDPNGHDKEDKCNIYCLNQNYMGGSCQGYKNHYMCECYVG
583	0	QKECIGPCDMFTDCQAACVGIRKGYNYGQCVAWKPKDDDPFTCCCYKLTP
584	0	QKHIAPWIFEDKSICCKEHPSVGRCLPGIDDDAEKDGKCWKFCIEGCETGGFCKLFEHKHICHCNCSG
585	0	QKHTAPWIPEDNSICCKEHPSVGRCLPNIDDSAEKGGKCWKFCIEGCETGGFCKLFGHKHICHCNCSG
586	0	QKIQEIDLQTYLQPQ
587	0	QKLCARPSGTWSSGNCRNNNACRNFCIKLEKSRHGSCNIPFPSNKCICYFPC
588	0	QKLCEKPSGTWSGVCGNSNACKNQCINLEGAKHGSCNYVFPAHKCICYFPC
589	0	QKLCEKPSGTWSGVCGNSNACKNQCINLEGAKHGSCNYVFPAHKCICYVPC
590	0	QKLCERPSGTWSGVCGNNNACKNQCIN
591	0	QKLCERPSGTWSGVCGNNNACKNQCINLEKARHGSCNYVFPAHK
592	0	QKLCERPSGTWSGVCGNSNACKNQCINLEKARHGSCNYVFPAHKCICYFPC
593	0	QKLCERSSGTWSGVCGNNNACKNQCINLEGARHGSCNYIFPYHRCICY
594	0	QKLCERSSGTWSGVCGNNNACKNQCINLEGARHGSCNYIFPYHRCICYFPC
595	0	QKLCMRPSGTWSGVCGNNNACKNQCIRLEKARHGSCNYVFPAHKCICYFPC
596	0	QKLCQRPSGTWSGVCGNNNACKNQCIRLEKARHGSC
597	0	QKLCQRPSGTWSGVCGNNNACRNQCINLEKARHGSCNYVFPAHKCICYFPC
598	0	QKLCQRPSGTWSGVCMNNNACKNQCIRLEKARHGSCNYVFPAHKCICYFPC
599	0	QKLCQRPSRTWSGVCGNNNACKNQCIRLEKARHGSCNYVFPAHKCICYFPC
600	0	QLIVPCKTSEQCKSIRCSNGSAQCVNKQCQCPSLKQIYSVTDVSCKTVSDCVASHQCPTGLSACIEGKCICLP
601	0	QMNDCDCDHDHRCGEWEDESHGNCKQHHLRVVCTCTLDCLDISSTSNA
602	0	QNAICQKFLSETDCGAGSCTALCLQLWKGIGKCIKTDDHKLLCLCKYECIV
603	0	QNPRGRKCEDPNGVDQKAKCYIYCNEQGFLGGSCQGYTNHYMCECYVG
604	0	QPLEEMVECKEVLWPEECKYDACAFACALKRHGKGGCLEGPDYRSACICQYACKRS
605	0	QPLGTMERCYDMLTWGECVPDNCAFSCALKRHGKGGCIKAYDNRPACVCYYTCLRS
606	0	QPQLCETKSLNYRGLCLKWRSCKRVCISEGFPDGRCKGFFNNKCVCRKPCALLSTEN
607	0	QQCGRQAGNRRCPNNLCCSQFGYCGRTNEYCCTGFGCQSNCRRCG
608	0	QQQQQRCEEALTEIDCGAGNCNALCLQKRKGLGRCVQRTPCDKLKCMCYYPCSS
609	0	QRLCEKPSGTWSGVCGNNGACRNQCIRLEKARHGSCNYVFPAHKCICYFPC
610	0	QSCNNDSDCTNLKCATKNIKCEQNKCQCLDERYIRAISLNTRSPRCNVQSCIDHCKAIGEVIYVCFTYHCYCRKPPM
611	0	QSERFEQQMQGQDFSHDERFLSQAA
612	0	QSPLSQSSHEFTVVSPYLSCFGIEECLFYLYFKLYDLCVILLCTWFDLSE
613	0	QTCASRCPRPCNAGLCCSIYGYCGSGAAYCGAGNCRCQCRG
614	0	QTCFKGEAQEGVCVKVDGSKLCDLLCRATNTTWFGACEVEDNETHCHCYGPC
615	0	QTMQCYSGIACTDDGTCNDYCNPRNNNLGGVCLRRANCCCCYVSVVKSQESSLSKDTNNVFITN
616	0	QVKPTGCQGGQRYRGKCGTNGTKTCVKDMMLPKLFKTKRCDCQDMLGTFKGWHFCTCYSGRPGC
617	0	RAKWFW
618	0	RDCESDSHKFHGACFSDTNCANVCQTEGFTAGKCVGVQRHCHCTKDC
619	0	RDCKSDSHKFHGACFSDTNCANVCQTEGFTRGKCDGIHCHCIKDC
620	0	RDCRSQSKTFVGLCVSDTNCASVCLTEHFPGGKCDGYRRCFCTKDC
621	0	RDCTSQSHKFVGLCLSDRNCASVCLTEYFTGGKCDHRRCVCTKGC
622	0	RDDFR
623	0	RDWERREFERRQNELRREQEQRREEL
624	0	RDWERREFERRQNELRREQEQRREELL
625	0	RECKTESHRFKGPCITKPPCRKACISEKFTDGHCSKILRRCLCTKPC
626	0	RECKTESNTFPGICITKPPCRKACISEKFSGGDCSKILRRCLCTKPC
627	0	RECKTESNTFPGICITKPPCRKACISEKFTDGHCRGFRRRCLCTKPC
628	0	RECKTESNTFPGICITKPPCRKACISEKFTDGHCSKILRRCLCTKPC
629	0	RECKTESNTFPGICITKPPCRKACISEKFTDGHCSKLLRRCLCTKPCVFDEKMIKTGAETLVEEAKTLAAALLEEEIMDN
630	0	RECKTESNTFPGICITKPPCRKACISEKFTDGHCSLLRRCLCTKPC
631	0	RECKTESNTFPGICITKPPCRKACLTEGFTDGHCSKILRRCLCTKPC
632	0	RECQSQSHRYKGACVHDTNCASVCQTEGFSGGKCVGFRGRCFCTKAC
633	0	RECRSQSKQFVGLCVSDTNCASVCLTEHFPGGKCDGYRRCFCTKDC
634	0	RELAGVNEIFEIAARSSNNAGTARALQQAPPCKRDVDCSFECPKGGFCNDRLGTCDCF
635	0	REMAKEEVNCIGGHCPDGKKDCNCLPLIAPTMDIYETNESCRTDNECIKYCPKGCKIVDCNFGTCLCEYC
636	0	REMVKAEVNCIGGKCPEGKKNCNCMPPIAHVMDDIRPCNTDGDCYKFCPRECELGTCYCRCDYGCTCTC
637	0	RETRMMEQTCPVFWPMVPCDANKCEQMCRDYYGSVPSYCNRIGTPIAECACSLTPC
638	0	RFWWF
639	0	RGARRR
640	0	RGFARR
641	0	RGFRRR
642	0	RICKSRSQKFKGPCVSEDNCANVCHTEGFPDGDCDGLLRRCYCNTHC
643	0	RIIDLLWRVRRPQWPKFVTVWVR
644	0	RIIDLLWRVRRPWKPKFVTVWVR
645	0	RIIDLLWRVRRPWWPKFVTVWVR
646	0	RIIDLLWRVWRPQKPKFVTVWVR
647	0	RIIDLLWRVWRPWKPKFVTVWVR
648	0	RIIDLLWRVWRPWWPKFVTVWVR
649	0	RILSILRHQNLLKELQDLA
650	0	RILSILRHQNLLKELQDLALQGAK
651	0	RKKAFW
652	0	RKKRRQRRRRKKRRQRRR
653	0	RKKWAW
654	0	RKLTGVADVIVEGEAASPQYGIIDENDTLNKSPSCKRDIDCTFQCRRGGFCNLILQKCECL
655	0	RKTVWPSSELDPKCCSNQPEFGICDSKEDDERCAQMCLDGCPTNKGGGCQPITEAPGAVCSCYCA
656	0	RLCRVRGTRGHCFNDHGCDKVCTREGFVRGKCNGILRRCICDRQC
657	0	RLVCDTPAGTCTSSSTCNDQCNTWGGNYSGGECADSSFPGLSICYCCHYVGSSAEMESM
658	0	RMCKTPSAKFKGYCVSSTNCKNVCRTEGFPTGSCDFHITSRKCYCYKPCP
659	0	RMKKLGNHKVSCERNTKRCRKAI
660	0	RMSGDVTIQRGGSCNNDNTCHDTCPGCRITQCIFRQCVCTRCNTPRSSLRIESHM
661	0	RMTTASTPGYGIKQEDRLCIQGQEGTKLCSSGTSRDCLNFCLIRGYAGGSCYAYTLDQCCCRIPPPKLK
662	0	RMTTTTSPGFGIKQQDRQCFEHAPYLCRGGEGDCRMYCRDLDFSFGTCFSGVCCCQI
663	0	RNRICRTSEKYYREFCGHAGNDDCLSKSTKKPKPFKCVCHDNRSQNITSINDRYNNCICTFYC
664	0	RPDFCLEPPYTGPCKARMIRYFYNAKAGLCQPFVYGGCRAKRNNFKSSEDCMRTCGGA
665	0	RPSFKPIPLFGEKLTQCFDTRPCLQGMLKCIEFCSSMGTADGQCNNENLCCCTHE
666	0	RQLKSSRRGALVCVRLKLCSAILSRGLSCGMFSCNARR
667	0	RQMQRPQNVECVGGECQPKHPQQYFGSCFRDSDCRNSCFPYCRYQKCHHHECICSLCSSEVAPSPK
668	0	RQRDPQQQYEQCQKHCQRRETEPRHMQTCQQRCERRYEKEKRKQQKRYEEQQREDEEKYEERMKEEDN
669	0	RQVCDYDKGECNSYEKSSTCIEPCKQLDSKFIGGRCIPVGGITGMGLCVCCRDVQRGAEKESM
670	0	RRPPIRPPFYPPFRPP
671	0	RRRFWWFR
672	0	RRRFWWFRRR
673	0	RRVCDSAAGLCSMLFSCNTQCNSLGRNFTGGECSDARFPGLSVCYCCHNVESSAEMESM
674	0	RSNGIYDPMCPGVCGNLVKPDCNGLCHELGFPAGGYCKPGNTCCCKKKDSGPVDVPPTA
675	0	RTCENLADKYRGPCFSGCDTHCTTKENAVSGRCRDDFQCWCTKRC
676	0	RTCENLADKYRGPCFSGCDTHCTTKENAVSGRCRDDFRCWCTKRC
677	0	RTCENLADKYRGPCFSGCDTHCTTKENAVSGRCRGFRRRCWCTKRC
678	0	RTCESKSHRFKGPCVSTHNCANVCHNEGFGGGKCRGFRRRCYCTRHC
679	0	RTCESPSNKFQGVCLNSQSCAKACPSEGFSGGRCSSLRCYCSKAC
680	0	RTCESQSHKFKGPCASDHNCASVCQTERFSGGRCRGFRRRCFCTTHC
681	0	RTCESQSHKFKGPCFSDSNCATVCRTENFPRGQCNQHHVERKCYCERSC
682	0	RTCESQSHRFHGTCVRESNCASVCQTEGFIGGNCRAFRRRCFCTRNC
683	0	RTCESQSHRFKGACLSDTNCASVCQTEGFPAGDCKGARRRCFCVKPC
684	0	RTCESQSHRFKGLCFSKSNCGSVCHTEGFNGGHCRGFRRRCFCTRHC
685	0	RTCESQSHRFKGPCARDSNCATVCLTEGFSGGDCRGFRRRCFCTRPC
686	0	RTCESQSHRFKGTCVSASNCANVCHNEGFVGGNCRGFRRRCFCTRHC
687	0	RTCESQSNTFPGICITKPPCRKACISEKFTDGHCSKILRRCLCTKPC
688	0	RTCETSSNLFNGPCLSSSNCANVCHNEGFSDGDCRGFRRRCLCTRPC
689	0	RTCQSKSHHFKYMCTSNHNCAIVCRNEGFSGGRCHGFHRRCYCTRLC
690	0	RTCQSQSHKFKGACFSDTNCASVCRTENFPRGQCNQHHVERKCYCERDC
691	0	RTCQSQSHKFKGACFSDTNCDSVCRTENFPRGQCNQHHVERKCYCERDC
692	0	RTGYVSCKTNSDCVKLKCPTPFGGPKCISGSCECPFKELMTLPNDTNYGVAACIDYCKAKGEIVYACILNHCYSYKPPM
693	0	RTIRICDRKVEGNGTCGPNSNNICLDEFWKNPPSPRLAKSLEGCTCEPRGKRPKFKGLSHVCWCCWSYNSSNPAG
694	0	RTQEHPCQDYRLGCKSRDVCNAKCLSLGYVKGGDCVTFAFPICCCKINFGFQDDSPISSPIFTD
695	0	RTTTSGYGMLFDSVACEGGFEYCPRGGGNDKCTTFCRSLPNKYDFGVCDKIYACCCHINV
696	0	RVCESQSHGFHGLCNRDHNCALVCRNEGFSGGRCKRSRRCFCTRIC
697	0	RVCMGKSAGFKGLCMRDQNCAQVCLQEGWGGGNCDGVMRQCKCIRQCW
698	0	RVCMGKSQHHSFPCISDRLCSNECVKEEGGWTAGYCHLRYCRCQKAC
699	0	RVCMKGSAGFKGLCMRDQNCAQVCLQEGWGGGNCDGVMRQCKCIRQC
700	0	RVCRRRSAGFKGLCMSDHNCAQVCLQEGWGGGNCDGVMRQCKCIRQC
701	0	RWKLFKKIEKVGRNVRDGLIKAGPAIAVIGQAKSLGK
702	0	RWQWRM
703	0	RWRSFFKKAAHRGKHVGKRARTHYL
704	0	SAIWFWMTPQSPK
705	0	SCDFPLGACTPFRDCKESCIKFKTRAGQTFFDGKCRPRDRPSVWTACFCCYYDSIGAQ
706	0	SDARIEGFSFDNCNIRCSEDYWNDECNKDCLRAGFQKGGQCGSPCIPCPVKCCCQK
707	0	SDGTSGYGITEATKRCFTPAPCTRGLFYCQTFCSSLSAVLIGVCESGICCCILNQ
708	0	SDRTSGVGINQEYAKCYDLADCQKPKVDDAACERFCGAKSFLLYGKCDTATNKCCCKSKTK
709	0	SDSALGIGIKEDWEVCFSIDPCLTGEGTLGCTKWCRNHINLSLVGYCRTDPEHCCCVAEK
710	0	SDSFPGLGLKKQAHKQCYSPDLCTGGDSKCDICCVLISGVYYGKCIQSKCHCLNKTK
711	0	SDSTLGIGINQDWKKCFSPDPCKKAGTQGCMEFCRTISFLLFGECTSKPDQCCCVTK
712	0	SEIKAKINGLECFNTCTPYYDDYKCNVDCLSSGYPAGDCHIVSPSQPKKCCCY
713	0	SEIKPTGRIDDQCKQMCSATYGDGKCASDCRKAGFSSGRCLTSSPFGNKCCCTK
714	0	SEIKPTGRVDNQCKEMCSATFGDGKCAADCRKAGFSSGRCLTSSPFGNKCCCT
715	0	SELDNTSGFEIKQEDKCYGPEPCKNGYEGCLFFCVRIAYYLYGECTMKPDHQKHCCCVTK
716	0	SGCNFKGSCRTDDQCKRICRGHGLDPSFQLCVPYSSKGGKCCCLHYEGAPLSSEVI
717	0	SGECNMYGRCPPGYCCSKFGYCGGVRAYCG
718	0	SGPNGQCGPGWGGCRGGLCCSQYGYCGSGPKYCAH
719	0	SGSSLCCNTHAKFGACNTYQDRKRCNKWCLDGCDNKKGGFCKRFAGGAKKCHCYC
720	0	SIFIKYSDRTCHVYIKAENCEIDQCNWECGTKYKRVGVQGLCVPPGFDPIDQACLCSFNC
721	0	SIGFDGLNDPDIVAR
722	0	SKNKSRSDLPLCGFREHCDGLWCPGEGGKYSCINWSCNFIEDCEKRIRCEKTGPCCFDGLCDCTNF
723	0	SPEKYYDCKQDGCITTPPCWRKCVSMGYPKGGECRIYSYGGVCCCDLTSKPPN
724	0	SRNKLSSYIPLCGSNTYCGGLWCPKKGGKYSCISMSCDIQEDCPKLVRCKNSPGPYCMEGFCTC
725	0	SRSELIVHQRLF
726	0	SSSKEENRIIPGGI
727	0	SSVIETTKNDVCSTPCTRRYGTYECWHDCLHERYNDGGCVDGRCCCKK
728	0	SWSSFFKKAAHSGKHVGKSASTHYL
729	0	SYYHHHHHHLESTSLYKKAGFMENLYFQGMPVGIVIAPKKSPFTAKKPGPVLSGVKAGPG
730	0	TAARENLHHQCFCESPSKCDCFPTTPTPPTSVNKSRKGGPLCTTDGDCKHFCRPKKGVCNIDFETCICQ
731	0	TAGFGVFTNIINGGLECGK
732	0	TDPVPTPPGLHIPCGKGFTSKECNKYCTGVGYRRGYCAPDEEYPQISSCYCKWRI
733	0	TEMMAVEGRICERRSKTWTGFCGNTRGCDSQCKRWERASHGACHAQFPGFACFCYFNC
734	0	TGVAWRIT
735	0	TINRTDCNENSYLEIHNNEGRDTLCFANAGTMPVAIYGVNWVESGNNVVTLQFQRNLSDPRLETITLQKWGSWNPGHIHEILSIRIY
736	0	TLINGSSDEERTYSFSPTTSPFDPRSLNQELKIGRIGYCFDCARACMRRGKYIRTCSFERKLCRCSISDIK
737	0	TLRGDERILSILRHQNLLKELQDLALQGAK
738	0	TPAEDLARYYSALRHYINLITRQRY
739	0	TRIMDASSDCEFKGPCHKKEDCYDSCGVNKPPFNNAICVPGRDSFQCCCILS
740	0	TSSTLKESLTAEIKPTKVDRCKTDRDCPQSHRCQKDFYYGCVVGECICRAV
741	0	TTAGRRDGKSGRTEWLYVAGECAKLPRCNKYCVSNGFHLGGFCEKLSPQASYLSCVCKYT
742	0	TVKSYSEEKTHSFDLTANPPIDLNIVDELPRDEHLGVSHADNVIGFCQECAHHCLQRKRVLGECRWFTCHCSRITIGVGL
743	0	VADYCNRDADCKRVCLRPYACNLTRHLCMCHPNDVSSSKQHCIPEHKGFGEGGPPPQRLKLYR
744	0	VDPDVRAYCKHQCLSTRGDQARKICESVCLRQD
745	0	VDPDVRAYCKHQCMSTRGDQARKICESVCMRQD
746	0	VEMGISVQALPPTCGPDCTGRFMNQDCSKYCAALSYKHGVCILFRGLPPRTSTLRCCCG
747	0	VEVIPCIAGSKCTNDMTYNELCRFKGFSKGGFCQKYVHQTIGRCCCHPTGLESQESSISGDTNVVITN
748	0	VISIIPV
749	0	VKSGHYKGPCYHDENCNGVCRDEGYKSGHCSRWGGACWCDT
750	0	VLINGSSDEERTYSFSPRASPFDPRSLNQELKIGRIGYCFDCARACMRRGKYIRTCSFERKLCRYSISDIK
751	0	VNFKKLLGKLLKVVK
752	0	VNWKKIILGKIIKVVK
753	0	VNWKKLLGKLLKVVK
754	0	VNWKKVLGKVVKVVK
755	0	VNWRRILGRIIRVVR
756	0	VRHNLAVGDVCATNEECRINCQCDAAYCDLSCNMCVYMLHVMDTIDANIPNQPCISEYQNCGKKTSSLQ
757	0	VRLTENMCFKDDDCINQGEWCPVLRVCSYAECICPWGTRSKLPSCQIICAHLDKKSVNSYNPCGCNYK
758	0	VSGPPKCIALCRPGYYERFECFHDCITEGYDDGSCVPGPTTAKCGIITKTTNKICYSFAFE
759	0	VVPSSFKRVEGPVTAASADFCYKCSRGCYRRYRRPVFCQGSICRCSSFIDDGY
760	0	WGKCDLRKGLCRLADTISTCDVPCRAVDSKYHGGECLNVGGGQGICWCCRDYDAAKSGAEKESM
761	0	WKLFKKILKKL
762	0	WLNAKRHHGYKRKFH
763	0	WLPLIGRVLSGIL
764	0	WSPQEEDRIIEGGI
765	0	YCERSSGTWSGVCGNSGKCSNQCQRLEGAAHGSCNYVFPAHKCICYYPC
766	0	YCERVRSRSAPHDICKKKNGNAVCKEKCWTIEKYQNGRCLILPKTTKLDCYCYHFDQC
767	0	YDLFSEIGISAATLVIPTCFENCNATFQDPECNKWCALLAYKDGSCLYPPSEVDDLPPIKRPYIPRCCCNPITLSPPSP
768	0	YDLFTGIGIDARTVPPTCYESCNATFQNPECNKMCVGLAYKDGSCIYPPPEVDGLPPKRPYFPRCCCNPIILSPPSP
769	0	YDRCIGPCLRFYGNHQCYKNCRKAKYDGGQCDFVKKGEKLPECCCYYNKN
770	0	YDRKCLKEYGGDVGFSYCAPRIFPTFCDQNCRKNKGAKGGVCRWEENNAIGVKCLCNFCSEEPSDQTLSRI
771	0	YGRKKRRQRRRD
772	0	YKLFKKILKVL
773	0	YKRKFHEKHHSH
774	0	YNVENGGSLCCNNHPKFGKCNTKNDDQRCNSWCLNGCDNGKGGYCKSMSHGGQCHCYC
775	0	YPIKPEAPREDASPEELNRYYASLRHYLNLVTRQRY
776	0	YQMLICLDLNISCADCQKQCDETSYGGMCLNGGRTCCCKKSPPPSYYDPRPPSS
777	0	YVRTCMIKKEGWGKCLIDTTCAHSCKNRGYIGGDCKTCYCLVNC
778	1	AAAALACTGASDVDAARTDGASEGGFTRMTLQAVVIGTSAGGVQALSQVLPRLPADFPAPVLVVVHVPPKQS
779	1	AAARRTRPSVGDRPAEANRAEALIAGAAALEVALTGAQADRLLGFGELL
780	1	AACKRLTEAGIRVSLFVDARADQID
781	1	AAGHKCILGKQSCERLGLIKRIESISKREDLFTGIHIFNQPSI
782	1	AAGIDIGIVTSVDHFPAQDLLSVR
783	1	AAGTESFSTDAMPSACVAFSPLSPDPASCLGAHATAGNHHVPVLRLSGLWLEQLGFAIGSKVRITVRTGEVVVSVVEGDAGST
784	1	AAMQALIADNVIGDFRAPDVMRFGITPLFVNEADIIDPVDKLERILEEERFKDAEFQKRALVTMAQKKFEDMVER
785	1	AASAQELYSSLEQVVAEEEIERVVVGKPITLAGRESEQTKISLNFADSLAKYLRAGGH
786	1	ACYQMI
787	1	ADEARNIAEESCKKVLVNAVMETADISVAELAMRTLSGFLNPGNPKKKIDLCIDFSLLRDLNYYTGFVFQGYLQGSPDPVL
788	1	ADMVVTGQAGGGSIKIDMTGQHHAKKVQLDNTIMREDKSIIEDLIAAAINDAT
789	1	ADTALREARSMGVSLEARFTELLI
790	1	ADVIVVNTCGFIES
791	1	AETQEKEKPEGTLARLALIVAEATGRDVQEIQPSTRLRDGLGTSSLDLVEITVRTEEAFGVELEGRTVADFETVGDVVDFL
792	1	AFEDEYDIEIKDKDIRQLHTVQDIDKYIEAHAMRKKIAAGNWKMNNTPEASVALVADLKNLAEKEGIGNATVI
793	1	AFHLSSLSLMSGSIYIIHNSIKAPAKRVMTKDEHARLFDGLYNERFNDFWEVNERLMSFKSPIGGDEFG
794	1	AGDAVFLDIRDPDSYVQDHIPGAIHISDANVAEYVATTDKAKTHIVYCYHGITSQS
795	1	AGLGDVYDLRFFDQLRQIRARPPAGTLDVARFAFGSALLWHPSRWDS
796	1	AGLGTGTKVEISCDGPDEQDALGGLLGIKDGDETLFGEMKKISLPKI
797	1	AGLMGVGQLDYSHSTTMLMHHVTAALRAHALFTRDVDYIVKDGEVIIVDEHTGRTMQGRRWSDGLHQAVEAKEGVEIQNE
798	1	AGLMKQASQMQSKMEEAQKNLANLTVDGSAGAGLVTLQLTGKGEMRSLKIDPKLADPNEMEMLQDLIVAAYTDAKNKAEAMGNLADQLAAKFG
799	1	AIGEFQRGREEIEDELQDMTGDDDEDDATSESSADSVSTDSVSTESSNMSGNIGANPIGKKVNISCSLDEAIDELLMESALKSGWSKKREAELRLED
800	1	AKGDIILLI
801	1	AKSGGDVSSGSFA
802	1	AKSVRLRIYGTEYPLKVDDEDLTNRAAEHLDQMMHDLHSQIPDQPP
803	1	AKTGTEIEVICDGEEEAVALPEIVNFI
804	1	ALALFEEGIQHIRHARELLRQARLRVEQLQVEEDGTVVLEPMVRGESMTTKKASQKDLSKAFSKLEKIAEEFEKGEVDL
805	1	ALALRSAPTREDFVLALQPRQFTVDGTVAEAEALLISHMTEYSKGLS
806	1	ALEMRHAAPSLNPVCGALHEVPHATLLGEAGKPLPLSLLTSWTDLHGRLDRMQITTGMEATYLYEQDGKILTSD
807	1	ALFGIGLFVFTYYTFWTMVL
808	1	ALRDCLPNEVELSTKNVSIAIVGKGQDFIIYDDDDVAPYYVMEVEQQPADPSAGGPPAFDAFLQT
809	1	ALYFSAESEYMQKAHSASDLSYFFASGSN
810	1	AMGGELSELGIIHDGGMLIHDGKIDIVASSTDIEKKADGAEIID
811	1	AMLETL
812	1	ANTNLPDEQAETERSRVSRRASSAWEDESEIKALEPLPLHHRHLAGASIQ
813	1	APSAQDPFYIIRQEI
814	1	APSVTLVGKGVVFDSGGLDLKNAAGMLRMKKDMGGMFDKFKDMYKWQKQAKTMQKELQKTVFTAHTPDEMVHVEVNGA
815	1	AQELKKMQNTLSKKQKEFEEKVF
816	1	AQKIQKDI
817	1	AQTEATAMKQGIHPEMKLITVK
818	1	AQVQNSQVQNTASQ
819	1	ARGQLNQAFAAKEAELFAVEERAKLAASGIHTAQDVIKMVMAGADVTMMCSALLKNGPQHIAQVLSDLHHWMLEHEYISIQQMKG
820	1	ARLKNL
821	1	ARMMTAIDRAKLGEEVQGMKSIKVTILGKQYPLKVEDSEEENMIRICN
822	1	ASGPSYRGGRRQGKVTVKYDRKELRKRLNLEEWILEQLTRLYDCQEEEIPELEIDVDELLDMESDETRAARVKELLVDCYKPTEAFIS
823	1	ASIQFELLSSTILFL
824	1	ASRIESDCLVVFTAIEAGDTPTFVTHATTDITDRDRQLGVSDVVIYPYVHLTETPNGRQGNFMQKQIEIFTDGSC
825	1	ASWLGNELHSFAEMTMMKIQGIR
826	1	ASWSLSGDVLALSGGDNRITLWRENLQGKWESAGEINEDPSAVGLKEDFRNRFRNVSRLMDCVGCDKCRLWGKLQVNGYRTALKVLFEYDETKNG
827	1	ATIKSYDPT
828	1	ATNAKSIMGLMALGLKKDSEFTIRAEGDDAETAVETLATLVNNKFNLHPRLSLNTGGSVLIISRFTLSADTSRC
829	1	ATNIQPITGQPEWMVLFIIHYQKEFKKIQHLEKENSKVKSDVKKL
830	1	AVEEVKKDIIVKLIGAFMKLILLGAPGAGKGTVAKLLTKIDGSVQISTGDILRGAVAAGTELGKQAQAAMKAGDLVSDDLIMGIMEER
831	1	AVIAVHVVLALFVYAAWNEGSRQWREGKQDHSFDKV
832	1	AVIHYRPDETLMDQFENSRKVSKCLMYLDNNNTAYNQYFSWHDTGDVK
833	1	AVNDSDMAIV
834	1	AVQVGT
835	1	AYNLRTARFGGPVLALDEDVGILILAHAIDSNADVAAFPPLLDS
836	1	CAKKLDEAERKVEVL
837	1	CETNTGEVYRGKLIEAEDNMNCQMSNITVT
838	1	CFEKGIKIARDCHDALRNAEQRVELLTHEGNTLVSHRFEPDQKMNNELENEKSNESFEQLLTKLDETVRKLEAGGLSLEQSTDL
839	1	CGRKRPFLGIRLKRLELVDVVRMKSKEILGYDIKEISNQTVEQL
840	1	CKRVAEAHIGERLAARGGDARISGKQALYIWAMKIALDAMGGDFGPSHLVPGAVMALREYPHISKLFLVGDTAQIEA
841	1	CLGYCGICFEGPFALVNGEVVQGATVEELVNNVYEYLDENPMFMG
842	1	CRDRLERANSEL
843	1	CREQPNIVDGLPAAVLTYCQVWKIPAVFYMLKFMCFFPILSFFSTNVVMNYSEIESKVREATNDDPWGPSGQLMGEIA
844	1	CRETVSNFLNDTPHLAGVYSVNLIYHH
845	1	CSNALKDCSTRVKEIFSENIKKIGEMSVI
846	1	CSRERCLKALYLLGLKEMQSIFEDGNSISLNYEFCNENYEIYTTE
847	1	DAIQAVSTVMRNEGLAKMLHLIMSSPVTLDIDYLETFIAQADDILLLQDAVYAGVANSHYFSK
848	1	DCRDGYYEADLCPDRSIHSFQ
849	1	DDIRIFLNLGKK
850	1	DDQTSIDGIRRGAFRLHPVGFWGISKGCITLPETHDFYRLREFLLAQSPA
851	1	DEEYVSKHLDELILNNDLNRFILMNNAKMWLVVKPTVGIPLFLVACAIASFLVHLMLVLTTGW
852	1	DEHPSLLAALESHNVAVEYQC
853	1	DEMSTDTNF
854	1	DEREPMNDYHVCSLVVYVSAEHAESVKKTIESLKGAEVPVSNEVGKMVVVLEGDSKDGLVERFEKIKTMPGVITVTLVYHQ
855	1	DESNACVSNTPVWD
856	1	DETTNTLLVATGEGKGVKQVPKTAATFRFRLDGETRGATRVVVDGDRLVARPARRTETKGDSLWQMTKSNLSDFLVLVTI
857	1	DEYGRLHQVATVDSQSFLGSPINAFLLVKRLSSDWMDLENQRRTEELGAKVNRLKHLTLDMDKELKNQNNFLGSM
858	1	DFAIIDGMVVEVTSV
859	1	DFASIYSDLISNIQPRIQIIGKPENLKQIDNQKRIRALLLAAIRNTILWKQSGGI
860	1	DFKKIAYTKAELVDKQKNTAMLVILAESAAVVSESPSDLCQTKQEEAFINRLPPQQIEKSPWSNKYDPPLEDGAMP
861	1	DGAVQDQIDDTIADAVSRARAAMPHGESCAECVNCGEDIPTARQKALPGVR
862	1	DGSVHQFRAFDYDDMSTVNFDMDSVEAWRQKKIVEQLESAKGNGTSCITIIVPPNYQMS
863	1	DHQDRQVYRDRPYAVSVPCKSCRQ
864	1	DIADLKMAVSFSQFNRRFLN
865	1	DIGGWYEHDCRIEPLLTEAEWWAKLPDGDLYQRCPDCDGRGSISIMDGQGRETEHQCERCYHSGGYVKVERGSE
866	1	DIPDEDVKSISIVEDAVKYIQDFINMGDVFPELKDNEKKIKAIIKEEEASFENTLAKGYERFRKAADAVKENGRAIL
867	1	DISEMFEKKSGNEVKDFELKKQISCSLQLSNKSDNHMVLRIRMDTPNHFNWGSIFAIRISSGGDDVAQEIETETK
868	1	DKGKEGSVTKVFLKTDRVIVEGVNKVKKHQKPTQAEPKGGIIEKEAAIHVSNVMLLDASKKKTIRASKRESNKKMAR
869	1	DKIDPSKFRINSTLVKDKKGNYVALFENEYAMRTAMEKNPDAKFQEMAPMMFCNQCEETVKGIGCTVKGVCGNEDAIAVYQDVLV
870	1	DKLVSEMEHGTVKSFDENRGFGFIVLDDGTEVFVHYSAIEGEGFRVLKAGDQVS
871	1	DKMLSKSIIRFTIDDSEIIDGQGVQQRPENRIHMNWRMNMTPESLVRHELAGLDVEVA
872	1	DKPEDATVDGEVFITRCRSEIGEIRRVRITHAYEYDLSGEGIAMSNMFCFQCQQTSGNKGCVRTGVCRKQPETANLQDDLI
873	1	DKVLEKFGEEAVELILACKNKDKESIVYEAADLLYHFVVLLSKFDVKVEEVYDELRRRKKMPETDRIVIWPIYFDSRLSRNDGRRVSRRSAVK
874	1	DKYTQAVLLSKTCLDQLNQTEAAIDKMVQENKGEIQESILNIEGEMK
875	1	DLEEPNRPLNIFLPESRLVLLDSKAKKATFLQHIIEQLELSHAEIVVGRAEEIAHQPLFRQIFTLVVSRAV
876	1	DLTAIRDYIGQFSPLAAQRMALRLKTAADSLAEYPERGRLATATLRELVVVPPYVIRYYVAD
877	1	DMEVKDVKIAPNANPGKLEKDVKEAVSRALKQAKDGAAQKMKGITGGMNLPGMFMQLHI
878	1	DMGDDTACMNCEGEMSDDEGISIYDEVEIEDMTFDEAMGVYQFPCPCGDKFQITLEDLLDEQDI
879	1	DNILFISTLHGGMD
880	1	DNKEVKKKSDLKKSSMPITDVILVVFSILVIIAAVYLFLFWYLSQEPESVTAESKDLMAKFEEG
881	1	DNMIKGTAVIEIDIVECTGKYHKGTG
882	1	DNRIIQALPTIKYLLENNAKV
883	1	DPRCVDTGLTDDVPTNLVSAGLSYSQLIAGAIRGALEAVHFKVYASATDSGANTEKKVQVLVATIAFGMGIDCKGVH
884	1	DSIDIIDLIVTLNNMLKLNVSAADFKDKRTLSEILDVICNAVMALTPEDVVNKRFQPTKFREGYDQDEVDDFLDEVVVEL
885	1	DSLDAVDLVVALEKALKVQIPETVAREMRT
886	1	DSLDTVELVMAFEEEFGIAIE
887	1	DTAHVYCGRRLATMLLYVCDNQYQVKRPPYISSENEGYGWKWLERQRA
888	1	DTDNTDLPIEENTDHADPPIEESTPTAEEPPTYNLRPQRRVDYKPFYFLTTNATCLKRLMAKKLRGQGTERVLKKLHTNIELGQYY
889	1	DVLFKLDEDPRKGRQTISQIKVVDMQWKFDNKNNMDSVTEVKIKTKWKINNKKNKDMIADPPYPHGTLDWQAQALCRRTTP
890	1	DYKWQKMCVHDYTMPAQIICGKTISAWLRKDGSTFRLLSFPQRNP
891	1	DYRACQNYGPLYKRMHTNWQVCSLVVQAKSERISDISTQLNAFPGCEVAVSDAPSGQLIVVVEAEDSETLIQTI
892	1	DYSQLTPYVKDSAIGQD
893	1	EAAEKLGLNPVVEDGKAYPSFWWLEEGRVVVDKNKGKTEVAREIAGELKSMKDLIKLVDHTQLKAYAALEHIKNLVKEASVFGCYAVCVNPVYLDFVLNT
894	1	EAALEPAMIKYDYEKAYEKLEEIMKRLEEGSLPLDESLKLYEEGIKMYRICSGLLEKAQ
895	1	EAARPREDADRDVETQARENAYDLE
896	1	EACFSFHSS
897	1	EAEALAVANAYRVLETMDDEWMLKNLAKLDQTEMDKVNVDLAAAGVAFKERYNMPVIAEAVEREQPEH
898	1	EAEAVESLDKLAQNKFNLEMDPADADTLRTGVGQLAAEHDEVGGALHRIRDLA
899	1	EAIRTDAEGRAAGTAPFNAGNDFWDEAVNRNSGTDQPLDWAGSLKGEGLGTTLFSAREGGDMTALCGLPRIGVCELMRQA
900	1	EALMSRIVRDKKLGVKASGGIRSLADLRRMVQAGATRIGTSSGIKILQEAAGQAVTGEAARYMPLIERLVALST
901	1	EARLMGTENNHRIRVTICGQEYTVRGPASEAHLREVAQLVDAVMQRVAA
902	1	EASALVAN
903	1	EDELELIDFSTDGLDAND
904	1	EDGDMFGDDLLAFESLLPDDMKIMFP
905	1	EDQALAIGQEMGKRILSNPVMEYFEVTVHAYEQMEGIVKWFNNQKGWGFIVPEDGQEDIFVHYSEIKGDGFKTLKAGQRVTYQLEHG
906	1	EEAKKRGANPADVAKELVENFKDKISNFKLIDKVEAFGPYVNLFLNTSEVSKLILEEINENVLAKVLRKAPQMIAQELVEKIDTTNFEKVEAVGPY
907	1	EEARRDDRT
908	1	EEEIEVEVEAEPPALQPYRVDVPCGVCS
909	1	EEFDVELDEREIV
910	1	EEGRAVFNLEESIAATLKIEDHTCHYMRGLLAGFTQETTKKELECIEEKCMSMGAKTCQFLIKPRNEFNPTSELTK
911	1	EEIVEHLREAGISATQATVSRDIKELGIVKIPLKDNTYIYELPKINREPSI
912	1	EEKMKRLTEITSRLENEQLSLEEASKLYAEGMQIS
913	1	EEKSSSQDKDSYTKTMLEKDTNTLARKMGEEAIETIVAAIGQSRGDAINESADLLYHWLLLIKKLDINPNEVYRELANRRKTSEMQFRYGTEEKS
914	1	EELDSLVNQMESDQLPLEELISHYERGAKLLSECETTLTSAKKRLETIKNGGTKGSTKT
915	1	EEQIKEIGVG
916	1	EFAHYQDFRIKGMLSKEALIKILSQNEGGNDMKIADEVVPMIQKYLDIFIDEAVLRSLQSHKDINGERGDKSPLELSHQDLER
917	1	EFKIEVIDIDFNNIKTVEQFINIITKLIKMTLKKDEFTIDMIIGLKVFDLQGEFIGTINDAFHTKANDV
918	1	EGFGAEVVNVGLVDSPVVAREKAQVLKTEDVDILFLYVSTYALSST
919	1	EGLESQIEVASRKLEDQKGVKGNPSEIDRLLSQIHTLQEKIKALEKRKSDPAKMISTSTESPLALIDLIQVFVEALDRMFENVCELDLI
920	1	EGRRLAKYIQQNRVVRSTILA
921	1	EGVALVKKSEKLLQRAERKVTILTEEGEALFEAAQPSGVEEEGE
922	1	EHLGFWDDSIAVEGQGQLSKPLNATLNAMIEAKFKITYSHGMHARPATMIVSKATSFESKMILEYNDVRVPLKSIMGVMSLAIPQNVNFK
923	1	EHLHLLEFHRPDETA
924	1	EIARLASVSQILSSFRFHDHTVLSALTHSQVGSAVTARASTYEPVVQSAMTYQEAVTELEQILAQLQE
925	1	EIILTDRDLTTFG
926	1	EILKEETLQSLVDHDVQTNSVRKQRSHSRNLLKIKCGLEFLKVLFEQVELTQYVPLIHWLLMSLDLQV
927	1	EITSIEPVMNSEYFAKTKKVIEEKAGVSPSEIHESSFFEDDLNVGEMEL
928	1	EKALADELEASKALKAKVQELMA
929	1	EKIKSQLYSMDGIAPDQQRILYKGLALPDTATIESSGIKNDETVHMVISLKGGMMIVGVHIRHGMDISMNSRNRKHGH
930	1	EKLKSPVADLNNAPGRKAHPIMGGLFVGVFAEDTPWAHLDIAGTSWADQAGPLHEK
931	1	EKYKEKVPNIVKFKEGKIKSDGKIIIRWEYENKSMDQNEANIYNENNENNENNEN
932	1	ELEKDSLPLDQAIVLFEEGLNLSKQCQERLSGYENQVKALVQKHQGDQNDMITNVQEVKYMIFNVIQDIIAEQLHIDKKDITMDSHLRNDLNA
933	1	ELGVDFLQSQMQELAPEL
934	1	ELITLRDFKFDERFAQYCSNDIK
935	1	ELMLRHQPKESQDENLMKKKSYVIITETGIHARPAAGLVKVASKF
936	1	ELNGEKYDKLTRHGFEAISSALVLYYEILDHGRFDSLDFSCMAVYGSDYVVMRPKLAGKRLDLITAFMNQDEVHILRA
937	1	ELNGNYLPSMAVFDETYRAYEASESTGGDSYQMVNVALLLDQIIATPLRSMVEAQQE
938	1	ELREEVNEVEEEVKENKSSDVKENEDNKTEKSTMAEDKKKAPKDSFFKGVISEMEKTSWPTKEEILKYTTI
939	1	ELSDDEYYW
940	1	ELSDSPPEDMEARAEKMCRDLLANPVIEDFRIELPGAPDAPVAPDERMENSSEKLTFKEAFEQLQKIVEQLESETVELE
941	1	EMMRTSPRDSISNLPDEILGKILSLLPTKVAASTSVLSKRWRNLLGLVDNLCFDESVVVYP
942	1	EMNSKLAEDLGADSLDAIDIVMTI
943	1	ENYQRMVELLMRYRDALRELEQIISSLENEEVDVDELAEKVKRARELIDFLKSK
944	1	EPQPVMRKRGREPTAEGMDGPI
945	1	EQELESTRERLAKHEEMSEGWEEERTTIRSRIEKVLGELEFLDRSSDISAC
946	1	EQIKHHITRMGAVCNVYDQ
947	1	ERSSGKFMRSFRLPDNAKVDQVKASMENGVLTVTVPKEEIKKPDVK
948	1	ESILEHFGKQNEPSCHITRGAL
949	1	ESNSIPKQCEQLFKETENLIAQAEKQPGTHIQVNKIKSKLNQSKQQILQMELATQLKSCEVGLAKLSNLKSYSEMKAVLVQMLKGYKRWI
950	1	ESTSYNGCIENLDCKFRKSF
951	1	ETAELVEKYLARVVLRHVF
952	1	ETMLEITGRLGIPYVFKSSFDKANRSSADSKRGPGIDEGLRDLQYMSIAAIIDHTVLKPTVLLSEIEQVCTEAKEYGFASVCVPPNFVKHAKKH
953	1	EWAEEVVRQL
954	1	EWNPEGKAPPGFKNVPYNPSTFTRKPGSLPRHTLGLDIKPPISGNKKMFGLG
955	1	EWNRDLQLKRVQLKQEDGSLCLVQF
956	1	EYGFASVCIN
957	1	EYRVSCPPEERSNLEQAARHLDTTMRDIRNSGKVVGVERIAVMAA
958	1	FAEKVKRMFSGNVVLVDETLTTESAERRRLEKDLAVARSDIEAAQRKLSSQSFLDRAPAPVVARNRDRLAAAS
959	1	FAESLFILAPDASARAIKLNNNDKVISYDEFVTLSLSTNQSITWMAKKKLENLTFEESLYELDTIVHNLEQGELSLEESM
960	1	FASPEDLASAPALAELLRRECVG
961	1	FDDPESLGFASSGIMTAKMAEPLYFRIWSSLNIICLMVTFLNVQLSKTPIVLMPLFIALLKNNRKRETKKQTISVLVQKR
962	1	FECDIQIGKEELIVDAKSILGLLSL
963	1	FEFEDEIIEDRQLDIAAANQ
964	1	FEGQWLKALGFCVGDRLQVDCEENRITITKLSDDNGMVYLIEMVRI
965	1	FEILINLIKRLKNISKEVVENVNINLFTNEEEKELYNLSQSLSGDFNDIDMLIEKRY
966	1	FFFDTSEEYGRSIDVLLDSLKTKDSVIVRDEDDETEDASDTDELPEAYMTFYRSDA
967	1	FFILRKNNHQITVLHVYHHASMLSIWWFVMNWVPCGHCKYLEISVAVLNTTWVLS
968	1	FFNDPSAGSPTETLLRLLVPLNDQVC
969	1	FFTHMPADTGMAFVL
970	1	FGLLQTFPYILLTSPNFILSCDDVVSNYFTKGKRGKRSGILVIFSFLKEAVLPSRQKMYFLFSGSLLHSLYSVAQVVPFFPIDDV
971	1	FKHALKNGDICETPDKPKGTMAPYSLLVTRLQKALGVRQYHVASVLCQRAKV
972	1	FKVDAYQRFDA
973	1	FLALQATGWRERAAQSAPDSLAQTHLHERGMKYTELAASAVRFGCQCSHESVVASLATLNREDLQSMVDEGVIELTCDYCNTEYALGRQHLQ
974	1	FLFDPEKIHHFTFALIKFISKIPGISTLIRQLYQVEDERLHRNLLGLTFKNPVGLAAGFDKDAKLFKELSDFGFGFI
975	1	FLKGKNWKTELTEAQSYWTFKSDVTPSVSDSDGVILSVSEVRRVMNRPSLLQRICEIITQITGQA
976	1	FLQVYVIGGDGTMRGAVVIFEEFKRCRLRISITGIPKNLDNDIEIIDKAFGFQTAVESAQMEKSDRRSEESHLWIPLQCLDQTLRAILKCLGLFHQD
977	1	FLSNMNINKESIHGFLKQCERVLRISKKPDNEEYLTVAKVTGVGIIIIGLIGFILSIVSQVLFYSMNYIPDWNEELAKKIAKSEFIN
978	1	FNELSDKIGLLAEMTHALRRENAQLRKDNAALAAENAQYVQRMREA
979	1	FNIDLPDGDVEQFKNVGDLSNYVDKLLAIPSIIIQGRHDVICPPHTASTLAKAWDQSELVMIEDAGHSAFEPGVLKA
980	1	FNTFFSETGAGKHVPRAVFVDLEPTVIETTTFFQMRCAQVLTASCSTLSSSAD
981	1	FPVFDVPPDAPTVTSEDVVRALEDDVMSSSKKNNLGYFNNLKTEEVSQSQ
982	1	FQNLVYPLDERLTLSGLGYHYGIE
983	1	FSEIASQDNGFRTLKEGSRVSFEIGESPKGKQALKIEIEETAMTKKKNNLKETFQDLDDILKQLESSDLDIDKMVELY
984	1	FSVKNNGQSGRPQV
985	1	FTCEHRPRGVEAVEVRQPALLSTAAAMAAKSTTTIEVEIFGQVYPVRGEHDREHLEALA
986	1	FTETIHADSVAKRPEHNRPEALKVSCGKCGNGLGHEFLNDGPKKGQS
987	1	FTLTVKGEYSSYKDFPVVLYQIQTKYRDEARPRAGILRGREFIMKDSYSFDVVDDGLKTAYHLHREAYQRIFERLAVR
988	1	FTPYANYMPGYEDDVIMAAGTFIQGASIELSADGPIRPPYVAYVQGGLTYSHVKIAICSAIDALIEKELLTISMNLETPSQENLNFMLTEIT
989	1	FVNDTLSLKHTSAGPRYQYLINHKEMGLGVSAEQPAGGAEGFHLHGENSPAQQ
990	1	FVSTGLAYDVFGSPRPNEYFTESRQGIPLITGRFDSLEQLDEFSRSFMTQSNPNEQNVELNRTSLYWGLLLIFVLAVLFSNYFFNMI
991	1	FWLNPRQVQVVPVGKGF
992	1	FYDTVKNGGWGEIRARDAGNMVKRAIEIAEQQMAQNQNNRMKRREAVCAHRHFLGTGKPPHPLGRSIPVEPCPGLPAFAEVDLLSLLVPIK
993	1	FYRLREFLLAQSPAYMNG
994	1	GAEPQGLMATLNIVNKSPFEKRTLEQCLSRIADDDSVLLIEDASVV
995	1	GAIRGRLPQCPVEVMGIRFSNPVGLAAGLDKHARAVDGLAALGFGFLELGTVTPLP
996	1	GAQLGRFVNHHYLHYVEDPVHHRLMVKKEILEHVHDAEIAKAHLRKMTGIT
997	1	GDAPFLDRLRRDQKSLRGRGSTLGLDIKTATRAGKQIVERILKEESDEALKMTM
998	1	GEDEEEALEAVKQVLAQENDLNPMADIDITTANRIKSIIADQLGVSPEEVIDNAR
999	1	GEITLMNRNFERPISLGLVIASRAFFSPEPCAQAREDVLKQMNLLG
1000	1	GEKFKPIGRSGPDRTKALVLNNGESGIGARAKKAKKLRMLFNKSRYGARKIIYKLTNEKGVDKNIVENIVFDEIDDDFELELAE
1001	1	GEVRFGLTAPHHVAILRSELLDRHADHPSRNPKHKSLPPADEAL
1002	1	GFSAKCSSLSSMDQTPIADMKFETALAELEDIVASMEGGKLELEASIAAY
1003	1	GFVKNLNDGRVEIVAFFNTKEQIKKFENLLKNGNRYSNIENIEKKTLDEKYPFQFNNFKIYYMKNTIVQQ
1004	1	GGCKPIFKGEYDSCPECGAEVRIKEVKMEVIEVVYEDGVFKPLKKIKLKEGTRGVVVVRLPKQISEIAKKYRIKVRED
1005	1	GHVVVTCDCGTHARYPYTGMFKKSVLFATLLSGVMAFSTNADDKIILK
1006	1	GIEVKYFMEDAPKKFFRLAPGKEVRLRNSYVIRCDDVIKDDAGEIIELHCSVDFDTLGKNPEGRKVKGVIHW
1007	1	GILKDHPDWVNSPCNEKSPLQLAVHGGFMDVTKFLIAAGADLDMTDEDGDTALMFAIYGMGIIFVLAMIRQFGA
1008	1	GILTEEFAGFFPTWLAPVQVVIMNITDSQSEYVNELTQKTIKCGHSCMSIRIVPKE
1009	1	GIQRVAIMEGKKYSKGFMEDGDIGVQYMGRRKSKRKPPPKRKAIEPLDQQFNCPFCNHEKSCEVKMDRAKNTAM
1010	1	GIWGGATERDRRRIL
1011	1	GKGALTKISISDAAMDDREMLEDLIIAAHADAKDKMDAMVADTMGSVTGGLNLPAGMKLPFMDYKMQFAESLSNIFTNELTQKQILD
1012	1	GKMSALYIDIAKKNDTTSSPCMLKGTIKSYNEKNAFGFIDQDDEEEDLFFFKDAVRSDQIYQIAAG
1013	1	GKPPSYSKLGHEP
1014	1	GLFSNEMLKDTNMVVIEAQVDMPVVGAITLYVSLLTFTLRVHPDRLDYVDQVLVEALFELIKGLIGDMDETQDDEVSI
1015	1	GLKLEEMMSSADVFILGQRYQIKGEESEEYIKMLARYVDKKMSEIYDASPNIHPMKAAILASLSMADEYYKLKEQYETIKTIIDDQA
1016	1	GLLHLAGYDHDEEFTGTMRDKQEAIMQELAIGRMSTPVETPTIRILTLFPDMV
1017	1	GLRDSWAKAQKKNSLAKKVLAANVNGELTDLREELVDGSEVAFLTFE
1018	1	GMFDKFKDMYKWQK
1019	1	GMIAAPPAQQQIMGERWRLGQKQQTQAPPGMLTPPPRPFLAQASLQGGISRIKIQYVSDHVKRLQPVPLPPPV
1020	1	GPDEDKAIEALDVLITNNFYEDMY
1021	1	GQALHTSIDETGRLVLPQKIRDKVGIINDAIFIASGDTFQIWHPDKYTQHNSEIDSWYDQQDSDFDPLFLLEGED
1022	1	GQPLVLPAYDQVLKASHLFNLMDARGAIAVAERQSYIGRIRELCKACALAY
1023	1	GRDWKLNPGDGAFYGPKIDIMLWDALKRQHQCGTIQLDFQLPIRFNLQYRTDENISEESTNQEQPPSHQNADQNPDNMSIMEGSADIFL
1024	1	GRKRPVPKVLCMVNPQTRELLNSSSRGATVLLLRSMTKRTFGGT
1025	1	GRPLDYIGYYNPMVDPAEVKIDTEKVQKWLERGAEPTDTVRALLKKNAQMSRTCQITRKKPMNGNKRSHAM
1026	1	GRRQGKVTVKYDRKELRKRLNLEEWILEQLTRLYDCQEEEIPELEIDVDELLDMESDETRAARVKELLVDCYKPTEAFISGL
1027	1	GRVNVDSETLFRQFGEIETKVEKLIQICGSQQTANLELHHKITQLEE
1028	1	GSFVTHGTERLHMVSFSAIVFLSRNPSSRLQPTAFEMRQRNEKFAKDARSGKKPTHLSRQEKLAKRSPVNIWILGVI
1029	1	GTVDLGTMFNLQFRMQILSQYMESVSNILTAVNTEMITMARAVKGSMNVKILLLLVGLNLVMHSNATGDSETN
1030	1	GVCGTGVRIIVIATCASVRTVQQLLLRELSFVCVECYRTRIHHGGSQMGLAG
1031	1	GVDDMTGEALVQRDDDTEETVRNRLNIYYKHTSPL
1032	1	GVIEAMSTPDSQPVSIKLLDKAFNFNCPADAEAELLASADFLNDRMLEIRKSGKVLGLEHIAITAALNLAHELLQSKQSLNSDVETHLRHLGNKI
1033	1	GVLCPLSKHMLIVDFAAQLKLPLLIVARAGLGTINHSLLTMPAKQRFQ
1034	1	GVNLVDYPAFVDLCEKYEKI
1035	1	GVTQDSNIQELGLDSLSTLELVGAMERELGVQIPDEQLVGIQTVGQLLEL
1036	1	GWVRTMASHLDNYGQQELA
1037	1	GYEVKGTKTKEIISFVMEADSEDDAREKVDDMCQKLLCNPIIHNYAIKIIKMDLTCGSCGKMQSESVLIGTKPLHSYILAAFTKFNEN
1038	1	HAEPESDLQETQPMNSSVHIASLVVQCRPEKLGQVQTAIAAEPGTEIHAADPAGKL
1039	1	HDLSLDNIKFFKQNIPGLLEVSIGHALISEALYLGLDNTVNMYLNKLKMVVFDQVYKDGVSGGDNQERNEEFHFRGPEENIQNQARR
1040	1	HEKGENAALEKLGEEATETI
1041	1	HISSLVVQYRPDTQQSVLAALSAIEGAEVHAQTPLHKLVVTLESTNGPAIQAKVDDIRGIPGVLSTVLV
1042	1	HLIKCQNSNSEIWFSGIDIDTQILFHTVEVDMGLPGGWELVLIVGVLVLLFGATKLPQMARSLGQSARVFKAEARGMKEDE
1043	1	HLIRSSSFSSDSFTNALTVMKSSDRIILLDDGVYSVNHPILQNALALVGKESLFVIEHHYLARGLVTDDALNFISMAALVALTESANQIITWQMQFQ
1044	1	HLNAAEQRVQELMKDKGGLIEEKGE
1045	1	HPELKDILESDSHLDVEDIVNVLLSNNLLVCCDRVVKTVRPRKRKLSTWLAHLEI
1046	1	HPLADYLRLLAGVCQAQQQVLDNPPASAPLDPARTRECFKHAMPPLAADTLVMINMLAFLGQKVNYEVNYGYIPN
1047	1	HPLETIESNSVETVAQRIKAIMSEKDI
1048	1	HQIKALTTGLDL
1049	1	HQKNVFNQSRLKVGARVVFNAENSEK
1050	1	HREELLTPVAQ
1051	1	HRFGNLFLISPSSNSILSNYSPADKKKFYVETERAESPKQAIMMSYK
1052	1	HSDSPEDAVEMIKYIKEFLISNFQFLNIKVLYGGSVDGKNIKKFVKYKEIDGFLIGGASLKPKEIKNIIKSIIDIYRQL
1053	1	HYEKRAKGVPKCPITGLPIGGMNKKVYRFGIKIRAPSRPYGGVYSHKVLARALRLAVRKMTEYKLVVVGAGGVGKSALTIQLIQNHFVDEY
1054	1	HYFNNTDGLIYVVDSLDRERIGKAKAKFHVCRLSVRAAYRMGFQ
1055	1	HYNRGFRQAVSVVVAMEKLRKMLVPCPQTFQDNDLSTLIPFMAIYNLYIFNKDGTCIFYREWKREKQSGLPRSEEYKLMFGMLISL
1056	1	IAEYIVSEFDNQKLRLFKMEDVSMGMWVQKFDKTRQPVEYSHDVKFFQAGCFDGYYTAHYMLSSDHSPSTPDLKL
1057	1	IAHELFNIKKDMESQESVISDKADKLLELISLEFKTMRNNVKTI
1058	1	IALVVAQRYDGTRSLAQIAQELAAEFDADAAQIEADVIELTDTLHQKRLLR
1059	1	IDDLEKSIADLMNQAGIEGQGPEKIFYAASYSSQHQMSRMALTLCHAVKEGLLEPRDITASLIDRYIEIEDGPMIDCYLRTSGERRLSDF
1060	1	IDETILHPDEYKNFKKRMKEAFKSYQKKLRKEMVQDMDMDSLKSMFSMLTQQEIAFAKN
1061	1	IDGRLIESPAPGIISRASSVAQVVNALQERKFLV
1062	1	IDMLKMSNAEE
1063	1	IDRETIKPESHTIDDLGIDSLDFLDIVFAIDKEFGIKIPLEQWTQEVNEGKVSTEEYFVLKNLCAKIDELRAAKAGMRCVPV
1064	1	IDSVLNAMPNQIEKLEANIATIQQQMSQLDFYQKSQQEIAKVQKQLEDLNHDLEQKYLLWEELLELEMTFEENLKQ
1065	1	IEAKSD
1066	1	IENESITVDVLADKVRRASELVEFCREKLRSAELEINKITSQSDSQISAKM
1067	1	IEQQMDIELPKGDAKDLTTVGDMIAYVEEHTSKKYELANK
1068	1	IEYVQKHLNNQQEMKNKITKLLENALNISVQKGQLPEVSLPCMEV
1069	1	IFLSALSIVGERENIRKMYIFGRDVLLKIEGYNYRNGEPTDFRYTVTIFGRHPYGSQFNIP
1070	1	IFVEALDKNDSLNKK
1071	1	IGDSFDPNLHNAISKVESEELGENQLAQIFQRGYKIGDKIIRHAMVQVAN
1072	1	IGPNGSGKTSVLEAIYLLGHGRSFKSS
1073	1	IGRSEDRLRKRT
1074	1	IHAYHTEGAGGGHAPDIITVAAQPNVLPSSTNPTRPHTVNTLDEHLDMLMVCHHLNPRIPEDLAFAESRIRPSTIAAEDVLHDMGAISMIGSD
1075	1	IHRVILGSVEHMFAI
1076	1	IISRALFTGIDEAVATMRSLLNPMQLETDALMNPMSSHLDSLRQYTTIVADTGDF
1077	1	IKAAAVNAVKNAADEKQIEELRVAYLGKKGELTAILKQMGGLSPEERPKMGQLVNEAKSYVEG
1078	1	IKESIIKLESFDISLDDSITEYEKAIKLIKEAEKKLKEVEGKLEVIKINVEKEMPLYPEYAKAIESDTADIKNSGGRQGG
1079	1	IKGAIEKGEKVRGIVLENKADKFSRKRIDEYTESYYGKAIEEIDTYIKPIIDAMEEYDLLIIT
1080	1	IKILEANILKNFSTTEHDAPMNLSEELDSIYKEAIQKIGSSISEEDLDKNKNDFIGKKGKLTAVLKNVASLSIEEKKTQSDKKQTNF
1081	1	IKSLKILLSALMGDSKEITIKVV
1082	1	ILEALEKEQRIDFLCLFTLE
1083	1	ILEHFDRIGLTRRIGNDR
1084	1	ILGIVKQIKGGGLIIVELQNGTMIDCHVSGKIKKYNVHIILGDTVEVEISPYDLTKGRIVKRLLDPKPEESTEQKMVKKKETIQFE
1085	1	ILGMMQVTKRIPFEDENVLNLVRAVYIGSNVLIAALYFYIQLQINKKKGKENISSPFVRGAVDPE
1086	1	ILKEMHHFPDVVVTDRAVFFDGQELPWYIAEEGITFQVSNTGIHTLTVD
1087	1	ILTELQSGSARIDELGTRVQRAAELIAFCRQKLRDTEAQVENLFPPTMSGSNPISREAVSVAVAEANQAIEAA
1088	1	INAKILMGKDTIQVEGVVINCLPNTTFEVKIDDPSYPSTHTIRAHISGKMRMNYI
1089	1	IPLKFSTQIYFEELSCEHVWFFLPFSVDCLLLLKRVKTISRSVIRTV
1090	1	IPMKALTEQYMQYIHAMNSLEINVASEYLVMASELLMIKSKMLLPQPEADESLEDDPRDDLVGRLIEYQKLD
1091	1	IPMPANNVTKEEATRLVKWVLSLKQIDYKMNSHFASAHTPFYINTKEARYLVLKAVKVCDVRTVECEGSKAMSEKFNF
1092	1	IQLFNMLQRIYATAFWTKDELNEHLTRIEEAEKRDHRKLGTQLDLFSIREEVGAGLVLWHPNLSVVRQ
1093	1	IRESKKKRELAEMNLDDWRSRINDLDNQILRLLNQRAEAVLHVGDLKRRQGAPIYAPEREAEIFRRLTTTNSGPLT
1094	1	IRGGQPLLKEFYLLMVDFFFIRSLISAHILKVGLITEDDVIDIFYSY
1095	1	IRHVAKLARLDIAETDINAFVSQIGEILDYVDTLNQVATENVEPMAHAISLTNAFREDTVREAGPV
1096	1	IRRGAAGGAKMSETATAYKLFRCLQCGFEYDEAIGWPDDGIEPGTRWDEIPEDWSCPDCGAAKVDFEMVEVDRMAKRD
1097	1	ISELNL
1098	1	ISFEEAVKELESVVNTLEAGEVSLEESLKLFQRGIFLTNLCNKKLTE
1099	1	ISKGSKVKYELDKNQDQSKAHRCQGLMSQMEHLHLLEFHRPDETATVHSCWLQDSIK
1100	1	ISNPAHDNTGSQIETCH
1101	1	ISSVFFLHMQQFESQVKDRFRFPIFRLERKTFGNSCYQVETLKVKCRPRHAKSCNLLTLLFKSRTQSVLVPNF
1102	1	ITGNSMTNQNELNELNELTFEDMIRELKSINDQLSSDEISLDKA
1103	1	ITMDYKGSYLRICLLHPVQKTAFMMNNSEFSKIAETVIAHIADRIEEQNQDIDVDLQ
1104	1	ITSDKIEDKNLSKPVIEIIISKMTPINKENLTRHEVIGLQVCVVKSSNRTHVGIK
1105	1	ITWEMLSEKLLEALNNQINFEFYSSYIYLAMASYAESEDLAGFANFFRVQAQEEIFHAMKFYDYVNQMG
1106	1	IVCASEEQSDNRLPNIDFGLDRGHSGRMTAEYLMGLAAANDPNGPGRRRRSPIVREEILRHPMFLLQFAQRVKDL
1107	1	IVDAASIIEILSLCAVKGTKVTIFTEKEEDTNLADKIKDFFDIGFGENENEMRAP
1108	1	IVEEKTVAGIVLPDTAHDQLGRGEVVAVGSGRLLENGTRAQLEVHVGEVVLYAADAGMKVRLENQDYLLLRESDIMAV
1109	1	IVEYKCCHDSPLCNKFMPSIKVRENEPFDIALRRFRRICDRAGVITDVRKKEFFEKPTWV
1110	1	IVHYNQPSRSRKTDLAWHITLLLLNPCLILIDHGHFQYNCISLGFTVAAVAAILSGK
1111	1	IVIGQAGNGLVSVSMQGSGT
1112	1	IVIVIEGPTAGHLGETLLGISAMEDVLGAHMVFEQAISDEEVSDDGRTHAAMKLSHYIDH
1113	1	IVTIDGMEYTVVGEETEEYIRKNAELVDRKIGELKSQTSFSSLTCAVLAALNLSDMYYKAMSGGDNLRAQVREYAEENAALRAQLSK
1114	1	IVVTIEAETSVESHDIAATF
1115	1	IWERKDLEYRKASYETDIESIRLRINQKQNEMMEIIKNDKMINESTVLSKNPEMPSRKY
1116	1	IWLCRQCFREISRGMGF
1117	1	IYSTDHPFLSSHVI
1118	1	KAAGGVHTLEQCQQLIEAGATALGTSSGPQLMQALRTPIASGNGRIDGMDIIQELYGIILGRREKSGQGSYTS
1119	1	KAASGQPQSKMGTSVYFGTPSGSLVTSMIGNKPTIADVELELSDLVLPVDLLSGESL
1120	1	KADLEQQRSQWEDAVKSMLSKFEQVTEAMLILSRRASEKVTIGNDITVTVCRVKHDQVKLGIDAPTGVVVMRDDAVAQAPK
1121	1	KAHMADEALFLLLHNEMVSGVYKSAEQGEVGIYVLQDNKFRLLTQMSSGKQYLEHASKYLAFTCGLIRGGLSNLGIKSIVTAE
1122	1	KCCKPVSCGMCKKTENTLIDYKGNPISLADEFTVLTDTESEEEGMADLEKPLLEKVQTTLVAKCDTEAEKKLPCKSKKMEFFWTVLKSNDSIF
1123	1	KCLDIV
1124	1	KDITSEMFEEKSGYEVKKYKLRVLYVPPEPAIASPDEGRIQGVARVGSGPSLHPMHRSDYAERQLRIMQ
1125	1	KDQQGFGFITPADGGKDLFFHFSGCVDKVDGFNMLQEGMEVSFEVQDGQKG
1126	1	KDVLALLSELTEKNVLHTMAERWTKMVGFLGAAANWTIPIASFMNLKN
1127	1	KEETGEFKGMRVELIGHLKSVVDKDALEVRVEG
1128	1	KEGLENIKDKASDLAEDVAEKFNDTVDSVKHKNEKMKFPLLFISLALAAFLTRVQDA
1129	1	KEHLVKCEIALGKGKKEYDKRHTERERDSDRELQRAVRSKGKDDMHKFKIQPLA
1130	1	KELEATIVNVEEAGGKLKISMNG
1131	1	KELRWFELSSKLEGMPDDDASGDDALADGDREALPALEELRDAVARA
1132	1	KFICLNATKAYEVALKKYHGWIVQKTFQAAPYKCDFLKPLTKGQNVTEEECMEK
1133	1	KGILTVGVVTKPFQFEGARRMKTAEAGIEELQKSVDTLIVIPNQNLFRIADEKTTLFSAGFIAHRASKNVVLKYFPELH
1134	1	KGSKRKILSLISDEIIKMRQKSKMIVISNFPVYPKTIVEARPIGLLHMADGKHRDDKIIAVHHNDPRFKDFSSLKDVPDHMRLEIKHFFETYKA
1135	1	KGVDFDELRIDLDPVAFAAMQEIVPNARTVPQIVIKGAPVGGFDDL
1136	1	KHAKAELRYRLLYPDVECSEETDLRHPAFLTCTCGKCPCQRQKEEV
1137	1	KHAYFSKYDEIQTIINQLKVKDNVHNMVKDLFYHRDQVRVLARLAAELAAQP
1138	1	KHFEIRIELREDNIPNEEELFEILTKNKPVGILKQKDDKFLRYIMSLMKNMMLLMDSGKSDINKHAYKETATPLPVDPPSYE
1139	1	KHLIVSTWKTANSF
1140	1	KHYLRVMEKVVNGSEEYLQKETKRLEAILKKRSLSPSKLDEIKIKANILRSFAEQKEEEAEDTIRKDTAELMAPTSNI
1141	1	KIENGQEEQVKEDRLDYVQETLAACCEALRGSDLARDPRAEKQLVALLAAPLDAYS
1142	1	KISLDDENGQWKKNNQSKLIEESKKLVIDTEQRLTKAIDELEKIKCMASSASQSYQREEQNDRRLQELSTKISLLRNVTNDIYAEAQD
1143	1	KIVIHGATIEMLIIPIKDGENIDRALKRYKRKFDKTGVVRQLRKRQAFIKPSVINRAMIQKAAYVQNMREGLENM
1144	1	KKIIEEKGMY
1145	1	KLGTEARMGSDTEVESKLSW
1146	1	KLKQQVLDPQGEAIRRVLAGLGYSEVEQV
1147	1	KLVDELGVDSIGMLD
1148	1	KLVIQETNNSKFGDYQTNFAMITSKDLRQAPKKTAEKIVENFKDSKVIDKIEAVSYMTKEEVLTKICDMVADQFSVNRDKVNGKLNFQNDLDADS
1149	1	KLYEQGTLL
1150	1	KNLATGEQETLQQADIAVHLAKLLTMSNKDFNTLYRELEKKVELLEKGELPLEEAVKTYTEGQELIKLLNEKLNKAREQMV
1151	1	KNPLMLKPLSDRLIVSVEEAGEQQ
1152	1	KPAVVSVQAAPAPVAAEVKMAKEPTQNVQDVFLNHVRRSKTPVTVFLVNGVKLQGIITWFD
1153	1	KPSIKRREEKLKAIYKQHLQQQANGM
1154	1	KQAEETAAFEKIMREVMGATRSSHGLDNAQGYGAQYDSAYISQAANGAYPKHQLSMPSLGSYRGGSLPNVNQMSMILHTV
1155	1	KQLIRQMCD
1156	1	KRHLRGIVNVHEGDMGSIAKMLPSAGLMYKITATIE
1157	1	KRHLVKSRLGFLEFLQNLFKMHLTLEFGGGLELLCESVKIH
1158	1	KRLGIPDSQIILMLADDMACNPRNPRPASVFNNAYQHINVYGDNVEVDYRGYEVRNNSETLDECKDNYCLSDTRQ
1159	1	KRQGDEEAANYYFSKYITAGDNWI
1160	1	KRQKMEQIDVKILDRDYRLAVSGDTKP
1161	1	KSEALLPRPPAREIGVEVGNLSELATRLDELRDALKQLVESQNLKLALLMVTDVVRGNSRLVVQGNSRIIGALPYRRLDDETL
1162	1	KSFKPHCYEEKKLMLQQKLFEKGIN
1163	1	KSLQGKEKKEKKEFLQINYSIWRAARTGFQVQVATDGLQAGRVDEVGGLDVAG
1164	1	KTLATFEAKFAALGKGRIASLIGRYYAMDRDNRWDRVEQAYDLLTLAKGEFQADTAVAGLQA
1165	1	KVAHLARLELSGEEVAQFTTQLGSILDYFQQLEELNVTDVPPTTRAIESSNITRADQL
1166	1	KVILNSDLAKIYISFFPKENQYNLIKIINNKSKYYKKILFKKLRFK
1167	1	KVLYQRAGEIAE
1168	1	KWFNINKGYGFIKRDLGGDIFVHYSSVICEESECHLEEGNKGIFHHSRRPE
1169	1	KYAVKLEEKEMKSITTLRKVHDLLASKLEKMLHIIKTQSAIAGAMSYVSDNDAILLVEDAVYVSNTEH
1170	1	KYNIFLDEERLRDIKTVGDVVSYVAELKGMLGSYGYSEIRLPIVEQTPLFKRAIGEVTDVVEKEMYTFEDRNGDSLTLRPEGTAGCVRAGIE
1171	1	KYYTLIINNAFIENEIVPDLIEKHMNMYWFLGALLYFLIGTYIFIRVTRDSQSGSWILLALAAPLIIAGYPYFYSKKLLSKRRM
1172	1	LAHLTELPDSDHWCGWEMLARWSSRINLVAPTTLADLRERHILDSAQLLAHIPEDARSLCDLGSGAGLPGLVLAVLAVEFR
1173	1	LAICFMLYIPLSADGHSLDIVHQVPEGHVGVYWRGGALLKTVTSQGSTLRCLMHETCSIQCLREMLYVQIGG
1174	1	LAIQMPVEKIQIRRDYVLQYMVNNDYSLNQLALEIGVSPATLSRVL
1175	1	LALGAPGYYACLLYCSLGLSYFLVKTLRLRLLTGGEAKRHLTIQEGLISRQEKEIE
1176	1	LALTVAVDTFFWKKMLWPEGQVLWYNTILNKSSNWGISFCPKSAPVY
1177	1	LANKISTFKDIANEINGYAQEDSTTLNTMSGTMTRLSDEIKHGAHKLKRVVNSNPKMTRMVAI
1178	1	LAPARFPSVSSSRSKFYIQEPPHGSPNWLKVGLTLGTSVFLWIYLIKQHNEDVLEYKRRNGLEMAANATTNPSQLLPLELVDKCIGSRIHIV
1179	1	LAPDASARAIKLNNNDKVISYDEFVTLSLSTNQS
1180	1	LAQMVDDDDQVTTIEQAGDDLSNNGVANQGYQSQFASDDDDNPFME
1181	1	LAQYAGITKDVVLVGSKTHIQIWDRSTWDARSERLPDAVQDISRRRKGASRL
1182	1	LARAVADLPALVEYALPFCRPGGWFVAQKGETGAGEAWNAGKALELLGGELRRVLHVELSGLPED
1183	1	LDAVEGECDYCGE
1184	1	LDESLSPLKEAAVQSEVTLSLDEIVPGLMNPDKSKRYDRKLMYAQNSSQKTNCQVQNTDMDQQMQQYTIDLVTRALNRN
1185	1	LDLPGIIEGAKDGKGRGRQVIAGKEYDCMGSKIDISDLHNDPVLA
1186	1	LDRLRFVKEGRVALTGETPVYRTWVKWVETEYHIYIVETSDDEDMCICVNCDLLVFCSLYQTIEILHKE
1187	1	LDSVDLIEIVIEIEGAFDIKIADTEIQQIKTVHDVVELIKTKLAAKM
1188	1	LDTIMSDQLLHIISFIVHVRPDALTQTTAWITQNTVGEVRGEDAAGKLVVV
1189	1	LEEALRDFERGIQLTRHCQKALSAAEQKVEILLENSEDADVGQFRPNDDMNEPIRTTVSIYGDDYALVGDLPQEVVQALAFHVDSRLRVLASKNPRTSQN
1190	1	LEGEIEACMTKFNFEKQLSRLEEIVAKLEEEQTDL
1191	1	LELPAVAMEVHPSERPEFGDFSTNLALVGARVAGLPPRELAERLAKKLPKDAFSQLEIAGPGFINLFLHTSTIQMKVERCQGFN
1192	1	LFFVEINVCLSFFFLFYFIFVLFFAAEVRNNDFMEDFDDLVNRVTPDRPRGWNHLGCDIKKLSQVKS
1193	1	LFQLLFLHTSNANTIIGNDRTYSRTFNNYQYNDIMVSWAGSASEGIIVPPAKNETEKAHINGTKILGNIFL
1194	1	LGCINHAVLMPSKSQKRLLKLLSQEFHWQLKPELDEDWYTLYARYIFARHRHGSMYPP
1195	1	LGLLGVNDLTQACPKVSFEPIPIHYCAPAGFAILKCKDKIQWDRNMPECQHSTMHTWNQTSSINSTAVKWQ
1196	1	LGYSVTEAKVQETKQALEDGADEIDMVVNISDVKMQGYDFYVLNQEHNVTLQIGGSDQWGNMTAGTE
1197	1	LGYYEEAEWLAAEYVPSLDEYIKMEKLKEFLKGVRDELKRVVWPSRELVVKATISVIIFSLAIGVYLWILDLTFTKIISFILS
1198	1	LHGDLIVIQNPVPGLFHLWHEKRCADELTPKQYRMCIQSKAMNEASHSHLG
1199	1	LHIASFIVRHREPGASALDDFLTGAPQMQCVARADGRSIVLCEGESETELMQAIDALQALQGVLGVSLVYHHAEPRDELLQEIEPMGDTEQVVTT
1200	1	LHIGGFEELNKLEMSGTLDKILNEKMAYQIVKWTGRMAAVLSGD
1201	1	LHKLPEKLRRYVLRGEDEIAPGLL
1202	1	LHLCAWMAQRVIDKFGDEEISIGDYVLSRGDLLTLIIMDFVIRIKEGVIKKESF
1203	1	LHRAEQSLHDL
1204	1	LIAQLQS
1205	1	LISPQQTEHALSTGTTTLIGGSLGPTFEVATGGPRNLGLFLKAGEYTPMNYVPFGRGSSDPAAV
1206	1	LITHVKLSSDWYMGQGKLMPMATTIEVADYTNIMPITVSITVYLGVSIGIDTSTTGFTCFSRYMSMRLVVVLLPLGIALGW
1207	1	LKAGVERLDEQVYVLARKLRMAQGDNQGLAITLLGKQHMIACPKGKEEELLAAANRLNDELNEFKQRAHTKSDDKVLLMVALNLCHQLLS
1208	1	LKHGNYNVKGWEKDNLHSDVSCQLTQITEISTLCEKANNPNHQYILETIMLHTPIGRLRTMGFIEGMSLLILLFIAMPLKYWAG
1209	1	LKHLLAHPRPPATCAKLDLHGRNIAGVPGIPRAMEYLKLLGSEQLSTELVILKYRIALSTEPVEWLLIDPELPLVAEY
1210	1	LKIILDGKEETFLEEMLQLIFQTPPDAAVLARIGAGDDVVFLDGAVLGLLKNSRWAQEISRLTGACQVFALADDLQIRGLAQADLVAGLA
1211	1	LKQVAMHVTAANPEYLRATDISDDVVEKEKAIQLDMMKNDPKMEK
1212	1	LKTQLKSANKSGAQLALIIGEDEWKDHQVTVKNMSDGSQTRVEWQELIEQISELITPQGVINEMYKL
1213	1	LLGVGVDDTQEDAA
1214	1	LLHKSGASDYSIHLDRETNTLFGVLTRPADHTMASLPEHPVVKKWWAHMADIMATNPDNSPVQSEL
1215	1	LLKEVSKDTWEAMTKPAKRVKIGTKIHFTDILTAECVEILDEGLRIFKL
1216	1	LLSSLLKALDHGDGKSASSYMPQVTVTIAGKTYRMACGEGEERHLEGLAASFDARIGDMRKAFGEIGDMRLHVMAAL
1217	1	LMAIGYRLATFNDCNEASQELQQEVKLARADLSAKGFKFMDSALEDYQHSVVVGDQCIKITGQSLDLVQ
1218	1	LMLLGLGYEVHWHYMTFLLLLVSVCMMATGEERTKRDVCELPFEEGPC
1219	1	LMSGGMLGLYSQFEYNEEKHSVSF
1220	1	LNDDLSGSLEDLVGNFDQKINHCLRDLGESTEEMAPVTVRTQDEIMSESHPVVLAANPVGRGGGCDEKMTLDLKLFPVEATTLCFDKEEFMTPDFD
1221	1	LNVQQAGGSLLVVSQFTLAAETQK
1222	1	LQGLVCAGMADMTRPAEKLSTAQSAVLMATGLIWSRYSLVIIPKNWSLFAVNFFVGCAGGSQLFRIWRYNQEL
1223	1	LQPGDVLVFNETKVISAMIKKLNKKFLNKNDVTDVLSFDLGSKGEIIISVETAKKQALDVSHSIELEILYLIIHGILHLSGFDDI
1224	1	LQSGASDESVSPSMNYPNGKPYSKNKSLDGRNPSPFSSNIEYGGRGMSLEKDIEHSNAYYLKSGIAVIHKKPTPVQIVNVHYPNEARLM
1225	1	LQSNGMQIDMATLATADTLLLIENAVLSALEVATAAPCPVFMLAADARARGLIAKSGAGAEATGATPQIDYEHMVQLS
1226	1	LREVEGVFYTTLTMVD
1227	1	LRSNGIRASVDDRNEKIGKKIREAELSRVPYMLVVGEKEMTEGK
1228	1	LRVEELTPSDEARMGFVVKQELSEVRTIFIQELGAAISSRQVEDVR
1229	1	LSGFLTHIYFRREIHTIVFFIGIFLNEMVNYIVKHIVMKTRLHGQHIAEERLY
1230	1	LSNVKT
1231	1	LSVAAFFDFEEVRGRERATRSETAKAVCRGCPVRVQCLEHALAVEDFGVWGGTTASERELLRSRRQVADAS
1232	1	LSVADAMDVKVQVLNITNGNRLETYTIPGDRGSRVCCLNGAAARLTQVGDRIIVIAYADMTPEEAREHKPKVVVVDENNDPKTILEY
1233	1	LTADSLHFKGTGGVDAKPHEVTLHFLHPIKDQAGDSDDEGGLLSLVMVLGAASTRQFLHGRVDPFHASTEES
1234	1	LTDSFTHDLGADSLDRVEL
1235	1	LTEEEKEEQGRLRWDYINS
1236	1	LTERVRSLYEPEMTPSIVDATAGLGRDAFVLASLGAQVLLIERVAAIAAL
1237	1	LTIKKRFKSLEEFEREQQIEQIY
1238	1	LTKKKLSMASTLPPTTYSIRTLSEFKCMIPEDISLIAPSTYAKLNLIN
1239	1	LTQELHEDEKLDIIEPGAISMIDVEDEAGQDPKLIAVPIHDIDPRRDEYKCIKDI
1240	1	LTRETMQDDNTTNFSEVLKRVEPEAVSLVSANTKNEIMQQIKAFLCDILDTQVFGSGGITNGK
1241	1	LTVKQDKSLTWDMNR
1242	1	LVLLIEEDHYLSPDFYYILKKMWNKKNEESPDCMVALASGGRARARSRQLPARDGGRKRTGERLPLPHCTGAQSKMDDDEFGGFEAAES
1243	1	LVMAFEEEFGIAIELEDGGVKTVADLVKLIESLQNAMTAKRELSKCKNEVKKSTLIKIKKMTFEEALSHVEKIVSELD
1244	1	MARKKIDSGEVTFERALNELEAIVRLMEEGNLDLDDALAKFEKGIALSRICSKKLAQAEQKIDILLSSETGEVILKP
1245	1	MDRGSSLTLGPYQQVDYFLSAKINQGFGEENGDFTPLVVPISNVLDADLVDSNSAKNSVVMPLVGFMKEKKRATFYLYKNIDGRKLRYLLH
1246	1	MEVNVDDTVMFESYA
1247	1	MFAAKSDVSAFSDA
1248	1	MFLKGNSDKQVGFLILLLGSLGFIYYTVSSFMIILFPTETTPGK
1249	1	MGKLSAEERPVIGKVANEVREAINDAITRRKKNMKKKDPKFEDYLKEL
1250	1	MHIVLALFVVGIMLLDWHLNMVLPVAKPSTGDAQEVITEAISAAASRMAELDSGIIIRRMDGHDPVLMTESSDKAIQRAMVFFSEFV
1251	1	MIQNDSTKLEQMVEIFERGTYLSKYCKNKLEDIDEKISLLVKENNIIEEKEISDMRSLPILAR
1252	1	MKADKMGVILVGNGIYHAVVKENGKDSPVLSKAGAQFYVLSDDLEIRGYTAANVNSKVKVVSYGDIV
1253	1	MKALWHSEVHDEQKWAVNMKLLRALGMFAGGVVLMRSYGDLMGVMEAGERIDASQLPHRVLETRGHAISILFGFWTSFICDTYIVLA
1254	1	MLEDLDYKREVLNKLVEKYTPQFAGKALPDNMIKGTAVIEIDIVECTGKYHKGTGLTPTVDDVREAHAFMRDEL
1255	1	MLVLTRRRGEEIVIGDQVVIKVVESHKDSVRLGISAPKDLTIRRGELLE
1256	1	MMKEIELHLVDAAAPSGEIAIKDLAALATALQELTTRISRDPINTPGPGRTKQFMEELS
1257	1	MNSLAQ
1258	1	MSATKKPVDKHSAVTREMMVSNKLGIHARPAAMFVKTANRFECDIYIEKDGEKVNGKSIMGLMMLAAGPGSKLTVRAEGED
1259	1	MSEEMINEAVEVAAEAIDRFEGEYKDIAAYVKKTFDKKYEQSWQCICGKDFGRLTKIRQIMPQPMQTKEKV
1260	1	MVALNLSHEVLHSA
1261	1	MVSNYLEQVNIQFETVDVTQ
1262	1	NAAPRSDRSGANMPTGTVKWFNGRKGFGFIEPDDGENDVFVHVTAVKDSGLNVLNEGDKVSFELVENRGRMAAEKLSMVGSEESKDDSEDQAD
1263	1	NANMDVINQSSNVAEKSLSNVTMKTNNILKVAVGASSVAQKALNSIANKGYNFIEDKILKGN
1264	1	NCPLKNGDLRTPVITIFDARGCKDHANKEYTGPKAGGADDEMCVKVAMQKIAVA
1265	1	NDSHIFVRPDQIKEEFKRVVNMIIDVYKDFGFEDYSFRLSYRDPEDKKSTL
1266	1	NEPIPEELLRLIEEDRDDRQSMRRTAAYRAGIGRVNAYCEGTTGHLAALLCYLYPVRA
1267	1	NETVQNEIVPVLPFYALIVLACFLGARLGYMILTFNDVPQEYESLQKEIEQAKTELRKANVDVDYQDQEGYENFKELLE
1268	1	NEVFQALMHGTRPSLADITLILEEIPEIIDLHCDEQFDSSEEENNHQLTEPAVQAYGVVTTCCKCGRAVRLVVECGPEDIR
1269	1	NEVVKRLKASNIRAEVCHGERLPKLIRNAEKQKIPLMAVVGPKEFETQSVTVRSRFAGELGAMTIDDFMS
1270	1	NGGVSGAPLTNHSINIIRGLRARLGSEAIIIGVGGIMTPQDAK
1271	1	NIHEFMNMGKIFQQVQQMQNKLNDVREKLEKREFEGHSGSGALKLMLTGKSELSSITIDPSLLKSEDKEMLEDLLA
1272	1	NKLRQRHHQGDKWYGIDIVKEDIGDNFESCVWEPAIVKINAVTAACEA
1273	1	NKSSSKGKNNIETEEAEDSAGRGSTYGFGPYGGGGFSSKSSGEE
1274	1	NMLFIKNANNVKSLIKGECTLSVEIDGKEFIINGIKIAKRPEDRVGMKIQEMVDLIGEKVTILSYPDSSLLNKTGVIIDETYKTLV
1275	1	NNCDALVNLVAVSQFVGKDCEVIKRTITQLQDIDSSHPWLADMKARRAFWMLQ
1276	1	NNEIIVNLKNDISISGILKNVDPFLNIKIENVIAISTNEFIKINKSITNIQLCSIRGSAIKSVELKKNGLE
1277	1	NNTGEISDITTAIGQMKGVLSCNMVFHQIEQEPANEHHNTNSLTLERGMYKGRELW
1278	1	NQINKASPRRLPRKRAQKRSVGSDEDMILYLQGGCVERSVKLEQINDDDRIFYITESEPF
1279	1	NSFYEVFEKYPHFID
1280	1	NSVKEIEGDKVEEESCNGIGEEECLIRRSLVLHTDYIYTQNHKPMGIPNLTKGDAMRAAKHYRQLLSIDFNIE
1281	1	NTNPNCVLKDANGNIAHWALAEVVDLYGNYMRYEYAVSMAKARKDAGFKFEKALERIERIVERLESGEAELEQALSLHQEASELMA
1282	1	NTPQVNTSGERLGKKIRNAEKAKIPVMSVIGDKEVEAESLNIRTRVSGELGATPIAEVLE
1283	1	NVNESHLREIFGHIGKVAETKIARNKFGQSLGWGLVTYGDITDPAEPIS
1284	1	PAARGSHVSFAFEHGYAAMQALIADNVIGDFRAPDVMRFGITPLFVNEADIIDPVDKLERILEEERFKDAEFQK
1285	1	PAEPLQKLLDLYEEGVNYLNICKQRLSEAEAKVSILDQKLQEQNQTEPMTKEVKTTRNLKVIEQSGYRYQATPTVML
1286	1	PALLEDGAEKTLFETFERVRGDLAAAWERRDYTESLALVARELKEPIDRFFDDVLVMADDEALRSNRLRLLKNIADAVTQV
1287	1	PDEDAAMIRDQITKALNQALLSAKLPSEAFTLEHPADLSVGDYATNIALILA
1288	1	PDGGGRDIFVHASGLVGPATELREGQRLSFDVEQAAKGPRAINARVIKMPTRYREQLL
1289	1	PDRIVLKKYDPIIRRHTEFREERMEVKVFRVSGYFEKDGRKFKFTKEYRALKEEHVKELVYSDIGSRHKVKRRKIFIKEIREIKPE
1290	1	PEKKYHSKSDVGFMNNLEKIYRLCDKIEKEKKYLFCLWPIVDGRVGLDVLDYE
1291	1	PFLNGDEPGKLKLPLSERHEDVDYLTKEQCIQYFNGYSIHLIPPRISSMPSLNIDFDEAEMEQIRAAARADDLSLKKF
1292	1	PIGPNPVLADMNADPVLSYNFDAIEYSVRQEIHTTAARFNAALQELRSQIA
1293	1	PKISDDIAESPEGVRAVRPLVQRPSAAVTPAGEMEPAVVKWFNRTKGYGFVVRHAAEGDIFVHVETLRRNG
1294	1	PLDELESKVKRAAELIGDLRSRLAATEMSVKNILDGLSDSAGAPDADARDEEEEDDEDDDENEE
1295	1	PLGSNWNEFEQQIFNEEEIRESNLRVALIKELITSRQQLGISQKQLETLSGVKQPMIARIEKGQTNP
1296	1	PMSQKQLPPVKVRDPTTGKEVELTPIKVWKLSPRGRRGVKIGLFKSPETGKYFRAKVPDDYPETGTICYNHLT
1297	1	PNFKPEELQGLPKTHALNVFLEDLV
1298	1	PNGLPTASASSAASNTTATCQESKNNQMHSKYPTTKYTKFSITKQAKSDRVESPACKLLEVEHLESDAKSGLLNLTRY
1299	1	PNWNVKMGDIRPLTGSNGEIRFDNNYFKMSSLKIKLVKGRAGKDKRQLATLDALDLTRKDKVVIKPDNPQIRGMIRTVHHLVEWEEI
1300	1	PPAPPAPPAAAPQAAPAGGSGRKKNVNHNVITIGMLIMILIFLIALLGLGLSQTHLLSVLLCLEMMMVSLYLGLGMVSISGLHYPLMIALVLLTFS
1301	1	PPTYNLRPQRRVDYKPFYFLTTNATCLKRLMAKKLRGQGTERVLKKLHTNIELGQYYEAHQQYRTLYFRHLSQKKYGD
1302	1	PQHLRECKNMDIADIESRSSQELHEILVNLRKEFVNLVFQKKLAQCNNISRFSLIRKSIARILTTLNKRRREEKNAMS
1303	1	PSLIVWVAALENIMFQYDSTH
1304	1	PSSSWTSILAASEPVALFCAVSFSNIRDVDSEAMRAKLQDSMVQKEALQDQVKIIGGDLDGVRKEQQAIRAKIKQLDDALKEI
1305	1	PTIVNEEGIIKATCDLKPEMSAIEVVMEKSSRGNKKMSAAGYSVRKIGAPNTTDFRAYIE
1306	1	PTRHDPPPSEQESPVRRMLRDLRE
1307	1	PTTKEQKAFEKNLFNKTHRANAEIIMLDGLTCVYKSYIDLFFYVMGSSHENEVIFIELLSYIIEMASRGGVMVTGTN
1308	1	PVYLCASLSLMNKAKIFMNGQSQAVRLPKEFRFSVKEVSVIPLGKGIVLQPLPN
1309	1	QAIESLKSGVVLLLNLKRFETQSAQRIADYTAGSACAISAHHIEISKDLFLLAPEHCKI
1310	1	QAVRVDPGVFDRRDVQALQTAIAEAVQTAADNAGKLATQKMGPVEITLHMTHDHFQGG
1311	1	QAYWGTEEPADKAGGYGLQGIGSIFVEKIYGSPSAVVGLPMLETELLLKQFGIDTWSGRIDRTAENSVEFDSFSGGLLDWPHYTRPATYET
1312	1	QDKEGIPPDQQRLIFAGKQLEDGRTLSDYNIQKESTLHLVLRLRGGVIEPSLRILAQ
1313	1	QDLSADSLDVVELVMELEDEFGIQISDEDAENITTIGDAVNYITEHQAMSNDQF
1314	1	QEMHSAKGNNGNAEGVVISHAGSGSILDGLRIAVPLIVVPNPSLLNNHQIALAEELASMGYVVHGKLAMSSSRLFRNDSEEEL
1315	1	QFARTLERGLAL
1316	1	QIALLEGILSTTLIYHEFAELEAGEEQQMLILTRKLGESTIIGENIQISVVEINKHNIKLGINAPKNITIYREEVFKKIKEENKLSSTSDIIDLT
1317	1	QILSLKVLVQQMASVPSIGCLLARNQYYRKSSVSSVSSLTSSDSVNFIDDDKPQQGLPEVAESTWWFKSFFHSEPVLSNVRIKDLSATGSLSGRSMDIN
1318	1	QILTDALFNHEHLPAHSEWTEGPNDPMQKLKKQLADKEKALADELEASKALKAKVQELMALYLATLYVTATRTALNTLDLLAFS
1319	1	QIMDALAHRHQPRPDQKMEGFEEKLERLENIAELMRDSQVPLDEAMKLFDEGLTIAQQVEKELR
1320	1	QIRHKCCVPPPKYFFFVFPKGYRMPMNPSRNPGHGDKPFEERKLVGKYIFPNKDDPR
1321	1	QISKRSQKLIKLFNKKEDTVMYKVKVYVSLKESVLDPQGSAVQHALHSMTYNEVQDVRIG
1322	1	QKLVVVISNIESGEVLERWQFDIECDKSARDDSAPREKSHKAIQDEIRSVIRQITATVTFLPLLEASCKYFMK
1323	1	QKNYKHLFDVNDKSRGGSFYLQSKVYRALERIEEEMKQQREEEERKARRKADVTQEHPSQSEPFSGFLAVVIACCLSGFAG
1324	1	QKQAEETAAFEEVMKDLSITDKIKPVVVEKKIIINFMVPRRARIKISNRIFLQFKHERLLDLLEKEKSVLQEKIKEALEEQKKQHKDALERCVAE
1325	1	QKQEDFFNSKRRLDNDEVEVRYGMFEDPVRSSSAGTTMTEDDEAV
1326	1	QKYDYNRPGFSMATGHFTQLVWKNSQKLGFGYAQSNGYTAGVALYSPPGNYEGQYPANVQRPMSDRKAVIKNADMGEEMQQDAVDCATQ
1327	1	QLDKDQIKTFSDFLMSYNKLSETCFTDCIRDFTTRDVKDSEEKCSLNCMEKYLKMNQRVSQRFQE
1328	1	QLESVIKSLEAGDQALETALELYERGQMLIQRCMSLLDTAELRVKQISENG
1329	1	QLSEYQTSVSQVAVTPPPKPETPQIFEYQTSDSIVN
1330	1	QLSSGGKNLSKEEEEELKRLTREDEERKRRVAGPSVGGVNLLEGGTRGAPGGGFVPSMQGVPESPFSRTGEGL
1331	1	QMVDKSQKMDTTVKDKIYQIIARQL
1332	1	QNAVVSAMEKHQVQWLIHGHTHRPAVHELIANQQPAFRVVLGCLAYGRFNGKSHGGMKGESTEALLPNMVATSLAKLPIP
1333	1	QNIKIYNHLKVHEIIYKTEELLNISDNRYKITIQIANRAKRKKYEDLDIIDDPTIKPIIRSILEMVDEITQPEIISDMSSINYPFVTEKAM
1334	1	QNSFSMCLLFFLEPCKKNQTSGSKTSMFLRSCIIRLKSLDLIHLALSNNLADLLVSRKSVQMPAKQRMSVANSVFSRNVL
1335	1	QNTNESEKLRGILSLLEGVETQGALSNFEIDILRPM
1336	1	QRFMDRLDKYLTRADDRAL
1337	1	QRINDYVGGFKSNMNIGTAMTFADAIGCSIEELYVWNFKERRQLTKMFLRLIDDNGIV
1338	1	QTKLDEAEQRVSILLSNSDDAPLSEFTDLPEMDIEERVKNIVAAQFGIPV
1339	1	QTLVKIVGKDDNESEFSAEQKE
1340	1	QVKDYFERALAGELNLTRVSAPLFVYPESGLNDNLNGIERPVSFGIREQDERRAEIVHSLAKWKMNFIAKINILPKEALLD
1341	1	QVQQLAERILLDSTDPPVEQDLDAAIADLQKLQLNNLPEPPVDFSMHYRDEIVLLIAGVLIGG
1342	1	QVYKDCKSADVKSIISLLMLEAPCGTALTFEFDGSDEEIVAVEIQRLIADKFGEDNMLHIINKSCSQSLSFNECLKRAGLDDCILLIEDA
1343	1	QYGYSQ
1344	1	QYNEDNFKEDETESSGPTGPDEGEICALLNQGRYIEALKLVLGNAPVGSTNQQVKDNALAITLMAKFGSFFDEIREALKP
1345	1	RAKDLQSESEDLK
1346	1	RAVVQRVKRAKVEVDSEITGEIDSGLLVFLGIGKEDGRQDADYLLEKIINLRIFEDEEEKL
1347	1	REAQAQGLTGWVCNCEDGAVELVATGTAQQHAKLAAWLACGPPMARVDRVIQTDEPLVLFDGFDIHYMSLQEQFDQAASN
1348	1	REIATYIKLKFDSYYQEYWQCIVGKHFDCSLEFELSRYILLRAKDTFILLFRYNMMNYSIEMDKAKALFAQK
1349	1	RFELSRERSIFDVLM
1350	1	RFPLSNIQPHQMEFTENMPHIIVKL
1351	1	RFTTYAIKGDRNSGVICIN
1352	1	RGEVCPFTFIETKLKLEEMKSGEILRVIIDHEPAVRDVPRSVEQEGHEVLSVEKVGEKEWSILIKKKMSDVDDTIVDSIA
1353	1	RHGATEAEPPSLNHAPSPLSRSNYRIETIRVPTKELDSLLTQAGELTVTKIRVAHR
1354	1	RHWLRVAHGTTPAAA
1355	1	RIDDMGKRIDDIEKSVTELMNDLGFSDDENEKVKQLMIDQGERDEKIICVH
1356	1	RINELARKAKSAGLSEEEKLEQGLLRREYVDSFKENLRSQLENIEFVDAETESASA
1357	1	RIRVLPGDRVRVELTPYDLTRGRITRRLMLVVTRKVDQSIQVGDDITITVVRVGQG
1358	1	RISAFGYLECSAKTNDGVREVFEMATRAALQAKRGRKRNTCCLVVGSFQL
1359	1	RKDIEKLRQSSVVMLIGQKVRIKYSKSKIANDIAVRVGDIGVIRGIKFINNQCVTIIVEFENHTRLWMFREEL
1360	1	RKGKNVLVSGTRDMSCNMPLVEQLL
1361	1	RKHVVFREAKIKMLVLRRKVGQVIQINDNIRIIIQDVQNEHIVRIGIEAPPEIPVHRMEIY
1362	1	RKSLCEIRYRDGYREVAAFMAYESGKMCVQTRMLVAVAVVLVVLAVLSDPVS
1363	1	RLFSQFFTPRLSLSLNQMLGNLCRCMYDAFRPLVIRISHVEILSELCDILKYELAEEHLSDKGKSYISRSIQLFFRLVQTS
1364	1	RLKDRHMSDPDLELRKQIQSHLIQ
1365	1	RLNGSLRSLPPEQRKDAGKLVGQSRARVTQAFQAREAEIQEQEAAARLVAEAVDVTAL
1366	1	RLPPHSKAGQRLTAVAMIFEKLVAVLAEHVDCDPASVTMDTTFE
1367	1	RNCWDALHHHVVSSGSSFGSGGGSGSGIGAPDGNMHQFYINDAPSLKIAPINLWV
1368	1	RNQDGGTVEACGNAARCIGRLILDETGKDAVMKISDFDFHLPPNLIAQEPYNPRD
1369	1	RQIKVREAYHSYQLQQNYPDRTPIGEIQLKGHWLIQAGFTIDTPVHIRVMEG
1370	1	RQKREKLKNKLMTVVDFDGVAYHLSTPESKCYKENMAHTVSLKKIWCYLEF
1371	1	RQLEEEAIEKFNQPFKKMLAAIAEKRAGMSELVEI
1372	1	RRGGMKVLIFGKQASGKGTQAKLIAEKYRLVHIATGDIFREIRKEDSELGKKVRALIDGGKLVPDDVTTEIVMAKLKSLGKKGFILDG
1373	1	RRLKAHQMLSHTWTKTETSLTMEVSKSMADQLEEVNSLPTTLMPRHSIVDPSYRPSIYMKNLLLTFLVVTIVCLDLG
1374	1	RRYQSKENRTMAKNDFIQMLI
1375	1	RSIQILEHFDRIGLTRRIGNDRRLREGSALAEQLLGGVSPMLDVHDPISGEYALEVSSPGWDRPFFQLEQLQGYIGQQVALRLIAAVENRRKFQAK
1376	1	RSLEQAIPKLSSAVVSATTLAARGLMTEAPHVVAEGTVLSFARGHRLQHDRVRDVWIVQAPEKAFVVEGA
1377	1	RSSRHGAEGPDTTRRGSCCSSSSSCCRPSTPRHPHNHECKRQLLLLGALLGLPSNTMKYVLVQKKKKKMTLTKSAVLILVLLLAFDNFADV
1378	1	RSTLEVVTSYAGIHAVWSHLIAHELYKRKKFVTARLISQVARFFTGIEIHPGAQIGKRLFIDHGMGGSHWRDLSYWRMWLILDEAHITNVAV
1379	1	RVFAMCQMKSMPNRFKEYLLSQEIGFASCEVIGTPINKSKGLEVESQFQG
1380	1	RVFHSFSKRVLVPPSGPSMRHNSVVNNLKHMDLSRIPPQPKAGILNVLIEIPAGS
1381	1	RVGLRSASLAGEAGGLSGKPLFERSTAVLARMRKLLGSQVTIVGVGGVDSAETALEKIRAGIADYERGVARFAA
1382	1	RVMPGAEGHLILVDQTGGTIHASPGLSHQSSTMGVFLTRTGRIMRLWVVREVRLGEQQYR
1383	1	RVVQSIRQGEHV
1384	1	RWMNFQLKKAGYKRIVTNFSTDVKV
1385	1	RYAHYAFGLVDIKSGVLEWLRYSTFYVLYPFGAGSEAAVMFLAFRMEFTIHVGTLTGQVISLNVFSHFTIGDIK
1386	1	RYSAAPHQLASGYWQSGAQVRTWIYLRLLAALLKFSRICEIQSMENLLPFRQYPNNQILFLMPRSFEETRQAIESLKSGVV
1387	1	RYVDEDGNPVEDQKAGHSVKSDGLSGKLSMTWRNRAACRPNANGFNPLVHEPNVIVAEAFFEPAS
1388	1	SAEDDNQLTEVEGDGGCLRSGKWGSMLQNGIDLSTVDVSYVSSRSWYFLNLFGLRG
1389	1	SAHGGQRQSVIKTVAAMPEPAVPDPVTREPDTTLHISSAVVRTLPDRCAEVVKCV
1390	1	SAPITE
1391	1	SAVLQRGPQALKEILAGIERWMEVREYESVAQLKGSMSQQNLPDPSAFARAAYLNALNSFTPPIGVRYSEQNPLA
1392	1	SDICRELRRRHEGEGSGMAVPQAHEILHHELIGLEVEVLEDSNPRNIGIKGTVIDESLNMLVIGQGK
1393	1	SDLNEYGIRLFV
1394	1	SDNSPALNS
1395	1	SEEAAEGIATVGDLLEKIRMEDQALTLVGIGASAGGLEALTSFFNHLPINTGFAFIVATHLSPDRPSLLPELLQKHTERQ
1396	1	SEIVDDV
1397	1	SESIVDPSDVWDDDEEMDISDWRARIDTVDQIIIDLLNRRMGYAQ
1398	1	SESSLEFLPEVNAFTGNNGVGKTNLLDAIHYLSLCKSYFNPIDS
1399	1	SFEEAANELDGIIEGIDKGEDDLETMMASHARGQLLVKRCQSLLEQAEQQ
1400	1	SFKQKITNLVEASLRVTFPNGPNVVPLIAPCAKKDAGDYQCNNAMSLWPRIRNMGTEFTGPEPIGQDNLMTQIAGSTSDSDSGGGPTPTDQVLF
1401	1	SFPACIVFLFQMSQRQRSFNANLRVFK
1402	1	SGEFLQ
1403	1	SGEWDRIKSSFKAKLNETGWTDDFQDISKETARDMDPISFRDLLNELSPRAHTTIPLP
1404	1	SHDPGIMAEQERILIAYEPVWAIGT
1405	1	SIELMEFVINVEDAFSISIPDEDVETLMTIGDLIDYLQKKLAKMDKDLIKRINELAKKKKTLGLNAEEQAEQKQLYAVYLAEIREQFDNT
1406	1	SIKRLGIPDSRI
1407	1	SILGVVLTGMGGDGALGAVKIADAGGSVFAQDEKSSIVWGMPGAAMEAGACVEALDLEKLGHRIGNLLLVKGKKDEMEISF
1408	1	SINEIIKKKFANTINGYDPEEVDSFLDEIVDDIKKYLDTINQLEEENKNLKKLLKGEMAKEEMLEFEGVVDEVLPDARCRVKLDNGHEVIAYTSG
1409	1	SIRTLNQETSKVLARVKRGEEINLTERGKVIARIIPASA
1410	1	SKLRDQLQILCELRQVIKKVEIKLSMSTELFNQLEQKVTSAVEALELLKMEAEELREENTRLKQ
1411	1	SKTLPNTYFKVKLNDDSGREITAHLSGNMRRFRIKILVGDKVKVEFPQVNSELGRIVYRFKEDQCESALLSLALQCAKRRVVVKRNRRSPD
1412	1	SLLTDFCIGFHSTQGWELMIGSVYKDFGFTPNDQILSCLVSIFPVILDTIFKYSIFRY
1413	1	SLRLIGKLMDDSDLEYMESQSDERISGLSAKVQVLKSITGKINDEIKSGNSLLDTMNDQ
1414	1	SLSGACRRPGYRYGASRISQTLKQKGVPDEVVAAAVGEMKDTEVARAREVL
1415	1	SMEMDLMVSCFS
1416	1	SMPLPTDVGQKITSIVAARL
1417	1	SNVRVKSFADYTMSDGSRSDVAMADLSVEVDLTPIFNWNVKQLFLYLVAEYSTSTSPVNQAS
1418	1	SPLLEGVQLTLKSLLNTLEKFDIVAVDTEHGFNADLHQAVGIDPNAKSG
1419	1	SPPPAIHLKGQWLKAVGFETGFTFTVKILNGCLVLIPYSEDTRAMKVQAIILPVLPTNLEYAGEIYNWLQAKG
1420	1	SREDEFYLRAQGADYMDIMEAGGGIASSVRSTDGQLLLGDDVVRRACDRHQGIGGDGFIRLIRSSALPEGRELLEQDPSAEWFMDYRNGD
1421	1	SRMITERTGLIIWVNDIKPAKNLERFGSIHYISKKMSYVVLYIYSDKLEETLKGLQRLPYVKKV
1422	1	SSAEHLQGWARGCGITVDQAERMVTDKGEWLLFKQEVKGQPTADIV
1423	1	SSNKKEKKNLDREKKEDNMEQEKIISLIICSRQMTMLQIMAKVMQMEC
1424	1	SSPVTTAKMSLERLVQDLIDLLKSMFKTADSSSPLPSFILIGHS
1425	1	STMLARYTKMSSLFADKNAFKLDLLRMLAMAATPRQTMIGPKPTLLDIDLFCHETLQLS
1426	1	STPSASDQVNWFRNSSPYINAHRGRTFVVLLGGEVLDTPRLPTLVHDLALLNALGVKLVLVHGARPQIS
1427	1	STRMPPKIHPSLSTGYFVSLDTMPP
1428	1	SVDTLIVIPNQNLFRIADEKTTLFSAGFIAHRASKNVVLKYFPELHFYLDDIFSPQDYIENLLWQIQEKEKSNRITPIVIPVVHTD
1429	1	SVVGSYPPKMEI
1430	1	SVWMAVIRASVVPYQKDRSSLSAHPAWAERRGFECITDGIF
1431	1	SWTHNIAKEKEFLRKLV
1432	1	SYLMIAKLYQWLIAGSILLSIWLALLVDYVQSDMISQNKYTIFMIPIYLAVAFAVYSAAV
1433	1	SYTRFVQLCTECKNTVSWYMAEKRSFESEVKELEKIIKELEENSSNIDDAIDLHRKAEKKLKECEEILNEASQKIEMYKRDENMINQ
1434	1	SYTSQQ
1435	1	TADLDAVAAAGGYDDTDAMVEEAVRELLRRRPEL
1436	1	TAELARENERQNLVARATLETVWQRHIADSAQLLEWGGEGSSWLDLGGMERGIMLIRSQLEDVLKKRGVAVIQA
1437	1	TAILLWKAGMPQIMPLNWIFYYMNFNLMFLLLIISYSSLKKLNLNNKLIFNHFNKFWMWMQCGVVESMNNDCERSPNRAGLRVNFSDKGE
1438	1	TAKAIRTAVFAAGVQSSKKVQFEIFDMAACFVCNKKAVYGKSVTFSAERNSRVFKPNLQSVKIRMPDGSTKRVMVCTKCL
1439	1	TALEEIVRKLEEGEIDLDGAIEAYARGAALKRHCEGKLRQAEQRISRIAVGPDGSLSASVSEDDGTDTMSQKKP
1440	1	TAPLELDDGAPEENGEMDSEEKISCYLDYYCLKIQSELKQLGIR
1441	1	TATGGASALKIYVKKPEVSRAVAARTHYNCPYDDPVPMSPSTGNDSCEVLKITVYRETVYVRLDEVDFLME
1442	1	TCGIKCGHKILITLEGEDAEHALAAISEGIVGGLGEMRVSDFRFDLPESLIAHYPHPQRSGCRLLSLEGKTGNL
1443	1	TCSSYAIQAINLHGSVKGSWLAVKRILKCHPLHSGGNDPVPEKLTHINHQHEKMKVIDI
1444	1	TDIRYKKTRAMRRALTKHEASIKSAKQLAITGAYERETKLLPTLIFIK
1445	1	TDKKSRKMKSSMSQHDIDNVRRQMKIKTGSVKRLWKEHNLYRQEALQLK
1446	1	TEHNLENVTKKCSSSEKRCSNLTAEVSDLTQKLSVLKEKAQKQDVTVETLQSELDQEVTRLEAELALVKEAELVAIQAQKD
1447	1	TELLRIGDDIAIHVLRILGSSVRLGIDAPRDIPVHREEVYRRIRAGSGRRSTPGSLPGVGSHRAVDLSALPGFRMLNRPTPSPA
1448	1	TFQVTTATNFIVLHSKDLNLARILIVQSNETITPVLQHLEYPKHQQLYIKIDGTFI
1449	1	TFRFEIWKDEKGRIAARNLRLMDAGIVDFYNAERGFGYIRPKGGDPDVRVEFEVLRVAGIRMLEQGQSVQFSTTENAVTGKI
1450	1	TGEEAIELLLAEDHDEIVSEASDLIYHMLVLLAAADIKPEEIFKELE
1451	1	TIEELGHYDPLLKQANFKFDE
1452	1	TITVTAGAVRIVINGEQKVQEVNIDRDLVDSENLEKLEREIKSALEQAITKSQAIAANIAKGMGIGFMKKTCTFEDIKTMLIECANVN
1453	1	TIVRDEIVGIMGRIGYVVAEGPEVEDDWHNFTALAMPEMDERQAPEVASLSFEDAFQELDATVLRLEAGDLTIEGALALFE
1454	1	TKELVKTKDRLLIKISLIKTNFLFYKNHPSIVFSHVIFRSAAVFFYVFA
1455	1	TKTHYIPYIKQVIKSVDLEKKLIIVEWEGIEMGKVTAEDRPAFGEKINRVKEKVESGIKE
1456	1	TLAAGADIDFVGAEAMDYIISPIV
1457	1	TLENDMQFEEAMKRLEEVVQRLEEGDIPLEESIHLYQEGVTLSRICGQKLEAIEAKITQLVEEDGQLKQKAFRVEGEAMISFE
1458	1	TLIDGVLAANMVYEHAEEVT
1459	1	TLLIAASLSFFSASALATPDCVTGKVEYTKYNDDDTFTVKVGDKELFTNR
1460	1	TLNISADLQSLFTWNTKQISLWDGIIPAKENAKFWIHTSNKYRFIDQGSNLRGKEFNLTLHWHVMPKTGKMFANKVVMSGYRLPEEYR
1461	1	TLTRQCQQALERAELKVQELSQPPASEDAPASSPEAGIRCEAYLDNEKLGYKIRQAQMQKIPY
1462	1	TLVIWTVVWLKLLRDALLMREKEFSKSTHRLKVTKEMDIGTLLNRAHKVSTFDGKNLIVLDNGNLYDQAGRREVPV
1463	1	TMLPVSNEHHLEYATSINEVLLENNIRSSIDSSDERLSFKIRKHQTAKTSIEVIIGDKEIESKTVTFRRHGAEDSSTVTM
1464	1	TNETISVDELASKV
1465	1	TPKEEGGTFLPTAMLCIPCHKQIHALYTNQELAVRLNGMAELRSDPELARFVKWIRKQP
1466	1	TPPPETVAPPAADERCDRCNAAGKLRIMDKVFNVGKLVDFQWKLGVSIASNHSSQLNTPFITVFVKVLDSNSEVTSHSFELTIPE
1467	1	TQERDSLRSRLSAARARVDALLDRLPDSASPMAIDGADHGTDRVGSNRMDKKTSFETS
1468	1	TQKFRKLLSKGYFQSKTAMGRHEVGHIDNSMKIPLNNGAGCRFEGQFSINKVPGNFHVSTHSATAQPQNPDMTHTIHKLSFGDTLQVQ
1469	1	TQSHPLCGTSLEPTPMCKRVVQQCYLEPHHQTLRSPGKLSLDSFTSLTSLHASSACTSPRWSGTCYMTNQYPPQQ
1470	1	TRRFGKEMYETYIKLSTNPFYTADSPIQSTSFDQKDTLYGRKYLVIGTKMADLDSPPKLSGVQPPS
1471	1	TRSNWQQRNTKFFPSINLSGDWLQDAGFNIGQAVAVEISQGQLIIKALMREANMAGKKTSISKMSFEDAL
1472	1	TSDTYSDRASARARREARLASLTS
1473	1	TSHYFDPSKVSKLMKDKIKKMQRSSDLETSAGSTGKSDVLVTVQRIK
1474	1	TSQLILRFKFNDVQFLRALGEKIGPEVIHQTEPHETLSVMTLHILQTRQSLQRALPAIAAEDCLLLLADACYLALSD
1475	1	TTKESTAESTRQSGGKVLVHCQAGVSRSPTICLAYLIRVFRLNLDSAFTFLKSRRPIINPNLNFMTQLVEFEMPDAVPTIIKAEMSEQM
1476	1	TVALAT
1477	1	VAALEAGDLPLERSV
1478	1	VADTGDIEAIKRYQPLDATTNPSLLYKAAQMEQYAPLVQDALATTPSIDAACDKLGVAIGCEILKIVPGRVSTEVDARLSFDMM
1479	1	VAIKVLRKNPLEDPTQDQIV
1480	1	VALFAVAAAFVSADVVTEVDTQSTLVTITDCDSTVTDCPARQTEAPVSSAPVSSSAAANTTVAGVSTYEGAAAK
1481	1	VAPSATLTDWLKNQQASEGFFVLDNCELSDTHEMNSAYKYEDGIERLEYIAEQLEKGDLTLEEALTFFEEGINLIKT
1482	1	VARIEAGVRGMALDVAELLVVTDYFVICTGNTDQQVRAIADEIEEQLRVKCKIKPIGREGEAEGKWVLL
1483	1	VAVLRIGHRPERDKRITTHVGLVARAFGAEEMLMNGRDAHVEES
1484	1	VDAVRVAGLA
1485	1	VDLCEKYEKIINWFMADKQMTSLEEKLSELEKLTVQLEDGKLPIDEAIAVYSRGMELAVSCKQSLDSLSQRIQIAKKN
1486	1	VDPFDIADEDLPFMLRVDIITLFPDLFTL
1487	1	VDRYDAIMEVMLASLREERRQTYSIFLPFHPETGRVLYVPMKSINRDDYTITFDDEEGREWTVPVTGGNVKLQWKPDFGARMKHSTIDPVNDKAFTI
1488	1	VEAVVNGKMEIVSLKISPDAFTSVSPEKLERNIKDTINEAIGKAQKS
1489	1	VEDEADMIMEGMPNALGDIIISVAHISRQAEEYGHSFERELGFLVVHGFLHLLGYDHMTEQDEKAMFSRQEEILSAYGLTRGALLGVGQGS
1490	1	VEDNMANEVIGAGNRPEFTPVEELSYEEARSELVNVVRVLELGQMGLDESLAYWERGEA
1491	1	VEEIESDGAVFNPNLHNAVMTESKDGVE
1492	1	VEFNSEELQIVNESDVMGIVQKDFGMLSAYMYYTGIIFRGYTYGTGEAVVKGGRYDGLLSHFGKDTPSVGFVIVVSQLMNAMELIEVKTKVKEIIAE
1493	1	VEGRLEGLGAAIEKKPSYVFASLEQELDKKLFGQHLVKKVIVKAVTGFLNNTNPKKPLTLSLHGWTGTGKNFVSKIIAESIYEGGL
1494	1	VEKKTGELVRPHRAHKGADGALYYKGKQI
1495	1	VETIQDIIDLLEKNN
1496	1	VETLENGDLDLEKALKIYKGAVADVDSCRKALETAELEIRRLEKTDSGDFVKEAIDDMSSTITTEKLFEAVTALLEEIAEVPADTVTRESHFRDDLD
1497	1	VGDRVRVTSSVVVYHHPEHKKTAFDLQGMEGEVAAVLTEWQGRPISANLPVLVKFEQRFKAHFRPD
1498	1	VGGGDSAAAIRILGVDEKCFDHISTGGGASLEFLEGKELPGLAVLAAASTDMDDTKENEMKVASL
1499	1	VGLMKLGTVKFYDKEKGFGFITSSNGYFELRVYAHGVVDQIESNNIVQFDVEQTKLGVEAVKVTV
1500	1	VGMTLPKSIA
1501	1	VGRHYATKV
1502	1	VIQDLLADILEVETSSINEGDSFVEDLHLGSLELIELVEAIEEEFSQRSDGFRIEDEDLEDLK
1503	1	VITPGARTRGTRRIITGEATQEDYYTGDHYATFSLIDQTCMNKRPLIEQALKRVNNRYELVHAAAKLAKDLYETGAESYVTEEGIPLK
1504	1	VIVVVHRNDDIEEKWIVTPENISFTKGKIMRQIKFQEKYFDSFIIMMKFEEAYKRLNEISAEMEN
1505	1	VKKIEETPYEELSNEFANSDEFGDSEDDEEYMLVVVESVADADKLIRGTGTHITSLNVGGTKPREGTKPYGKAVNLTEG
1506	1	VLAFLGVMSLKAPARATTAAPGTGIKDDMIPGSGGGNRASEETLGIDKWVVFGGSWGSTLALAYVETYPGR
1507	1	VLAGPGQLIVRLAAEGMRPAESIRLTPMSSQNWQYIDQLVYWGGSAGEGLIVPPTADVIDAAH
1508	1	VLHVLGRGEWKNMDKLKSVLSGTDGPNENGNILQA
1509	1	VLLLMDERLYRMPGASAIIGSDMHEKSEKSVNSPENIEQRVTDIIVKQLSV
1510	1	VLRPAQVVLKSSPHARAKEKKMIEI
1511	1	VMVVMSDMRKGFNESLEAERAIM
1512	1	VNMDEFVDLTAKHDKSVSWMKKNKKINFEDSMNRLEDIVNLLEDQSTTLEQSIDLF
1513	1	VNTTTGKMTMSMHSDLKAQIQRYLVQSGNYEKISNTLNEKLLESGWLDKVK
1514	1	VREFGLWHLEPEQITQGFGRIPMRCKYL
1515	1	VREQALMRVDALLRRIQSHLEDGPETAPAAAADASPDRRLEGEGRRLLHLGNRPLGAYLFTSPHWQRGPLETGLCRPVIPGQP
1516	1	VRPLQLLGTCAELCRGDWDCGPEEQCVSIGCSHICTTNMLPGFTMIITSLLLT
1517	1	VRQSICALRGAE
1518	1	VRRAAELAFIAMPERPGLGGMMDGLNVKSLEERSEADIASPSSTGTQDHLMGLLDGREDLDKEDGKPELEAVYETNCHWESCNKEFDTQDQQAIRET
1519	1	VRYCQTKLAQVEQKLQVLDA
1520	1	VSLDRVKRGRGPIVVTTVGATLVVVLSSSLYSMAKIQQRTLEAGILNPTDQVLMSKHMLEASL
1521	1	VSLKLLRMTDKQASVKSTDMPKEMQTEVIDIAKQAAKDTQSDGDIASKIKAALDEKFGET
1522	1	VSLTEQHSPIVSWKDMNDPQRAIIIILDGVGIGELPDAGEFGDRGSNTLGNLAEAVGGVYLPNLEKLGLGNIVPIKG
1523	1	VTDKTRRVLLVEGESSMLVLSRKKGEKLLIGDEVEIIVIEVDGERVKLGIKAPKGVKILRTELIEEIKGENKAAFDLSLKAFEEI
1524	1	VTRRLFQKQLKENPPINEKMIRAM
1525	1	VVRVMEFTAEQLSQYNGTDESKPIYVAIKGRVFDVTTGKSFYGSGGDYSMFAGKDASRALGKMSKNEEDVSPSLEGLTE
1526	1	VWLATAQLEAYSEDMGDQPCASG
1527	1	VYLLGSEKGEYGLELALKDPDSLIV
1528	1	VYLYVDIDQAEMAVEKLKKLHYVKRVSLSQRPNIDMDFGARVGKPEEMITQKTDSEELDDLFIAALGEKAKT
1529	1	VYRAKMKEPVWRELKQWPLHSLPSQVSDWLLEPGSLTRRMKESFQAPFGVQLIEQGLAKPTLADIPVANKNKK
1530	1	WADLLIDLSLPGYEFEAMLTYEDGITYDLIDRLAKRQSKMHQDVLEDIGGY
1531	1	WDEYC
1532	1	WIAMLEDTTSQELQK
1533	1	WKESGRWNAYGAEMMRINDRHDNEFCLGPTHEEMITTLVKNEINSYRQ
1534	1	WNHSYLYAGHAYYKPEPYRDRANKW
1535	1	WNTVGQLWEYLQTGRGITGKGLAQMTVTTLHSRQEVYQQLHDYLVDL
1536	1	WTSVARARSVWKGPNVVDFGVNVQQCIKGNVPIKTAVRSATILPRMVGAQFMV
1537	1	WVPPIEQAQAADQEPQFVHACNGFLMLCMEKKDKQMAKSKGKLPEEMAFEEAFQELKDLVEKLESQNLQLEEG
1538	1	WWFLYADDGPHVTYNQLTHFMQCNEENPDFEGLDCEVFEAPEPMTMALS
1539	1	YATTVGTPYKGGNLYHTDVSLLGEPTEFEYLRKVLFEYMMGRETKTMAKVITTVLKFPDDQTQKILEREDARLMSWLRSSSMSFIFDWIYS
1540	1	YEEEFETEIQFLM
1541	1	YEIQTVLSEDKSHGYVLKDGEVIANIIGEAKDYLLDLAGQAMAITPD
1542	1	YHLENQFGICQQ
1543	1	YILNTLH
1544	1	YINHNFATESEARQALNEETDAQGATYYHVILMREPGSNGNMHASADIYRMKLFGMIFLIATVAFILLGVLLKLAAFFFVSIL
1545	1	YKDMVETKRGMKLDYTKAPKLFYHPLYNIHLILNNMSKIKSFIELYIHQRVIIVKLIAIVNERICILSLD
1546	1	YKEIAILKKLEHPNVVKLCDVRTDTVRIVDMAGEIVEPWDDNIHQTYKQENVIGKGAYGVVYTVT
1547	1	YKEQLESIAQMDTYRMR
1548	1	YLLENKHLFYQYFKISNTCIDHLEQLINVNFFSSDRTSFCECNRFPMKVFSFTIGLVVIISLFAFALAYDEETD
1549	1	YMNNRIRNTMENNISNVRIHLHRKCDVNEQDIYGKTALHYAYTKRNIDIIKIL
1550	1	YPGMAETDPKTVQDVTTMVHTLLHQMQDKFQTMSDQIIGQIDDISSSIDLEKNIADLKTQARVEETEGENKIPPICNTMD
1551	1	YSIAKENQVQPKDFFKI
1552	1	YSQEQQND
1553	1	YTMVQEEVEKKTAKGSSSCTNGLLWLTRFFNFSCVICLFYCSLIEIPIGV
1554	1	YYEDTAPLVPIYAERGILVEVDGMGSIEAVAAAIDAALKETAMSKSSQSPSA
1555	1	YYTEFTPTEKDEYACRVNHVTLSQPKIVKWDRDMGDPAQQEAKHREAEMRNNI
